side_dim_m,max_height_m,height_se,height_sd,overall_max_m
0.0,0.0,0.0,0.0,10.822037882589266
0.5005005005005005,0.09005235137860663,0.027310398692145205,0.4604533219495637,10.822037882589266
1.001001001001001,0.1744103135000437,0.03983285923389503,0.6715820066834636,10.822037882589266
1.5015015015015016,0.2560405068941642,0.048074102469303555,0.8105293676324501,10.822037882589266
2.002002002002002,0.33558276745692006,0.05383063369668493,0.907584484126099,10.822037882589266
2.5025025025025025,0.41335373230574757,0.05791146557866815,0.9763873096563355,10.822037882589266
3.0030030030030033,0.489549240528798,0.06077708068814304,1.0247015804020816,10.822037882589266
3.503503503503504,0.5643058073753823,0.06272391917186208,1.0575252772375845,10.822037882589266
4.004004004004004,0.6377260694641671,0.06395810958500191,1.0783337276031217,10.822037882589266
4.504504504504505,0.709891317898177,0.06463079111410881,1.089675138183864,10.822037882589266
5.005005005005005,0.7808684211141215,0.06485717118204767,1.0934919061293131,10.822037882589266
5.505505505505506,0.8507139762885808,0.06472771785235154,1.0913093229906363,10.822037882589266
6.0060060060060065,0.9194769585269157,0.06431516584303446,1.0843536961135503,10.822037882589266
6.506506506506507,0.9872004961513006,0.06367912496763246,1.073630046954273,10.822037882589266
7.007007007007008,1.053923108396179,0.06286923314056056,1.0599752707498407,10.822037882589266
7.507507507507508,1.1196795970444553,0.06192738248335074,1.0440956686692833,10.822037882589266
8.008008008008009,1.1845017067497265,0.06088933058095338,1.026594113594864,10.822037882589266
8.508508508508509,1.2484186257472576,0.05978588905403675,1.0079900894510498,10.822037882589266
9.00900900900901,1.3114573733883996,0.05864381206926966,0.9887346714878769,10.822037882589266
9.50950950950951,1.3736431055058251,0.057486465510244486,0.9692218085027126,10.822037882589266
10.01001001001001,1.4349993588739978,0.056334331538359435,0.9497968297367309,10.822037882589266
10.510510510510512,1.495548249692542,0.05520538683367389,0.9307628220157327,10.822037882589266
11.011011011011012,1.5553106367906777,0.05411538234053601,0.9123853462614283,10.822037882589266
11.511511511511513,1.6143062573624996,0.05307804574656634,0.8948958512870998,10.822037882589266
12.012012012012013,1.6725538410294527,0.052105223889126764,0.8784940747706687,10.822037882589266
12.512512512512513,1.7300712065968222,0.051206979932713136,0.863349681665535,10.822037882589266
13.013013013013014,1.7868753448390495,0.05039165884137182,0.8496033680655206,10.822037882589266
13.513513513513514,1.8429824898923004,0.049665933849728394,0.8373676447064126,10.822037882589266
14.014014014014016,1.898408181270646,0.04903484586180951,0.8267275012301003,10.822037882589266
14.514514514514516,1.9531673180992204,0.0485018466117271,0.817741133873711,10.822037882589266
15.015015015015017,2.0072742068356817,0.048068854757645746,0.8104408912138994,10.822037882589266
15.515515515515517,2.0607426035034253,0.047736331763595395,0.8048345535342105,10.822037882589266
16.016016016016017,2.113585751267361,0.04750338154849761,0.800907012907662,10.822037882589266
16.516516516516518,2.165816414031901,0.04736787471213712,0.798622367646624,10.822037882589266
17.017017017017018,2.217446906621206,0.04732659505790956,0.7979263926763474,10.822037882589266
17.51751751751752,2.268489122006301,0.047375403516896,0.7987493032948588,10.822037882589266
18.01801801801802,2.3189545559669993,0.04750941275691828,0.8010086990816344,10.822037882589266
18.51851851851852,2.3688543295144644,0.047723164905961415,0.8046125603145017,10.822037882589266
19.01901901901902,2.4181992093496327,0.04801080492826439,0.8094621710905298,10.822037882589266
19.51951951951952,2.466999626591272,0.048366243104407416,0.8154548587403011,10.822037882589266
20.02002002002002,2.5152656939731455,0.04878330152453973,0.8224864637037319,10.822037882589266
20.520520520520524,2.5630072216814224,0.04925584121547713,0.8304534828929363,10.822037882589266
21.021021021021024,2.6102337319797373,0.04977786822542082,0.8392548582805868,10.822037882589266
21.521521521521525,2.6569544727494754,0.05034361848957054,0.848793407734151,10.822037882589266
22.022022022022025,2.703178430056106,0.050947622482222774,0.8589769150502676,10.822037882589266
22.522522522522525,2.7489143398382656,0.0515847514872775,0.8697189100754902,10.822037882589266
23.023023023023026,2.7941706988042316,0.05225024780729735,0.8809391780310247,10.822037882589266
23.523523523523526,2.8389557746101772,0.052939741434100365,0.8925640405789235,10.822037882589266
24.024024024024026,2.883277615385803,0.053649255689152686,0.9045264509191054,10.822037882589266
24.524524524524526,2.9271440586653537,0.05437520417815237,0.9167659424436401,10.822037882589266
25.025025025025027,2.970562739775531,0.05511438115115729,0.9292284662085029,10.822037882589266
25.525525525525527,3.013541099726102,0.055863947064952846,0.9418661475150958,10.822037882589266
26.026026026026027,3.0560863926441533,0.05662141084249607,0.9546369868044745,10.822037882589266
26.526526526526528,3.0982056927885746,0.0573846100378548,0.9675045252382225,10.822037882589266
27.027027027027028,3.1399059011776624,0.058151689857239265,0.9804374909930444,10.822037882589266
27.52752752752753,3.1811937518594178,0.05892108176361435,0.9934094385345283,10.822037882589266
28.028028028028032,3.222075817851198,0.05969148220527796,1.0063983899809765,10.822037882589266
28.528528528528533,3.262558516772876,0.060461831855964404,1.01938648509155,10.822037882589266
29.029029029029033,3.3026481161953347,0.06123129563207505,1.0323596443567753,10.822037882589266
29.529529529529533,3.342350738724176,0.06199924365740702,1.045307248063872,10.822037882589266
30.030030030030034,3.3816723668367037,0.06276523327295655,1.0582218329820372,10.822037882589266
30.530530530530534,3.4206188474886545,0.06352899213499769,1.0710988073960506,10.822037882589266
31.031031031031034,3.4591958965057583,0.06429040240503801,1.0839361845489304,10.822037882589266
31.531531531531535,3.4974091027738887,0.065049486007335,1.0967343340836573,10.822037882589266
32.032032032032035,3.5352639322404764,0.06580639091081157,1.1094957507562724,10.822037882589266
32.532532532532535,3.5727657317387833,0.06656137838029093,1.122224839491694,10.822037882589266
33.033033033033036,3.6099197326457473,0.0673148111352797,1.1349277157408049,10.822037882589266
33.533533533533536,3.646731054383252,0.06806714235169177,1.1476120200495121,10.822037882589266
34.034034034034036,3.6832047077719214,0.06881890544186703,1.160286745749867,10.822037882589266
34.53453453453454,3.7193455982458694,0.06957070455017057,1.1729620787158646,10.822037882589266
35.03503503503504,3.7551585289361915,0.07032320570473562,1.185649248181831,10.822037882589266
35.53553553553554,3.7906482036304365,0.07107712857005348,1.19836038769109,10.822037882589266
36.03603603603604,3.8258192296147753,0.07183323874976166,1.2111084053209697,10.822037882589266
36.53653653653654,3.8606761204051074,0.07259234059386854,1.2239068624126117,10.822037882589266
37.03703703703704,3.895223298372938,0.07335527046957895,1.236769860117089,10.822037882589266
37.53753753753754,3.9294650972714247,0.07412289045971501,1.2497119331507829,10.822037882589266
38.03803803803804,3.9634057646666867,0.07489608245734355,1.2627479502308,10.822037882589266
38.53853853853854,3.997049464279076,0.07567574262956282,1.2758930207344168,10.822037882589266
39.03903903903904,4.030400278238878,0.07646277622741288,1.2891624071941685,10.822037882589266
39.53953953953954,4.0634622092605435,0.07725809272251868,1.3025714433016524,10.822037882589266
40.04004004004004,4.096239182739375,0.0780626012543333,1.3161354571480466,10.822037882589266
40.54054054054055,4.128735048774313,0.07887720637471775,1.3298696994777284,10.822037882589266
41.04104104104105,4.160953584120235,0.07970280407905765,1.343789276772899,10.822037882589266
41.54154154154155,4.192898494073005,0.08054027811518806,1.3579090890220575,10.822037882589266
42.04204204204205,4.224573414290316,0.08139049656309287,1.3722437720537324,10.822037882589266
42.54254254254255,4.255981912551173,0.08225430867965698,1.3868076443390032,10.822037882589266
43.04304304304305,4.287127490456722,0.08313254200372527,1.4016146581827944,10.822037882589266
43.54354354354355,4.318013585074981,0.0840259997173658,1.4166783552347735,10.822037882589266
44.04404404404405,4.348643570531848,0.0849354582595762,1.4320118262564407,10.822037882589266
44.54454454454455,4.379020759550705,0.0858616651887499,1.4476276750823092,10.822037882589266
45.04504504504505,4.409148404942732,0.08680533729005716,1.4635379867103493,10.822037882589266
45.54554554554555,4.4390297010499875,0.08776715892352736,1.479754299450657,10.822037882589266
46.04604604604605,4.468667785143182,0.08874778060809084,1.496287581052397,10.822037882589266
46.54654654654655,4.498065738775975,0.08974781783617092,1.513148208717827,10.822037882589266
47.04704704704705,4.5272265890975305,0.09076785011266035,1.5303459528994385,10.822037882589266
47.54754754754755,4.556153310124986,0.09180842021129357,1.5478899647623945,10.822037882589266
48.04804804804805,4.584848823977402,0.09287003364058269,1.5657887671802089,10.822037882589266
48.54854854854855,4.613316002072666,0.0939531583106384,1.584050249117348,10.822037882589266
49.04904904904905,4.6415576662888,0.09505822439138856,1.6026816632387955,10.822037882589266
49.54954954954955,4.669576590090988,0.09618562435195425,1.621689626573933,10.822037882589266
50.050050050050054,4.697375499625628,0.09733571317026442,1.641080124050642,10.822037882589266
50.550550550550554,4.724957074782632,0.09850880870141517,1.6608585147058434,10.822037882589266
51.051051051051054,4.752323950227131,0.09970519219280846,1.6810295403707343,10.822037882589266
51.551551551551555,4.779478716401714,0.10092510893375124,1.7015973366230295,10.822037882589266
52.052052052052055,4.806423920500246,0.10216876902697018,1.7225654457947006,10.822037882589266
52.552552552552555,4.833162067414307,0.10343634826939693,1.7439368318220154,10.822037882589266
53.053053053053056,4.859695620653192,0.10472798912959339,1.7657138967249273,10.822037882589266
53.553553553553556,4.886027003238424,0.10604380180933612,1.7878984985053896,10.822037882589266
54.054054054054056,4.912158598573653,0.10738386537712326,1.8104919702582805,10.822037882589266
54.55455455455456,4.938092751290796,0.10874822896172581,1.8334951402946793,10.822037882589266
55.05505505505506,4.963831768073235,0.11013691299435234,1.8569083530847623,10.822037882589266
55.55555555555556,4.989377918456829,0.11154991048851924,1.880731490836416,10.822037882589266
56.056056056056065,5.0147334356095286,0.1129871883473116,1.904963995535655,10.822037882589266
56.556556556556565,5.039900517090257,0.11444868868836916,1.9296048912858852,10.822037882589266
57.057057057057065,5.064881325587779,0.115934330177613,1.9546528067945361,10.822037882589266
57.557557557557566,5.089677989640206,0.11744400936344881,1.9801059978677278,10.822037882589266
58.058058058058066,5.114292604335758,0.11897760200391043,2.00596236978591,10.822037882589266
58.558558558558566,5.1387272319954045,0.12053496437994474,2.0322194994458487,10.822037882589266
59.05905905905907,5.1629839028379445,0.12211593458877117,2.058874657166662,10.822037882589266
59.55955955955957,5.187064615628115,0.12372033381196652,2.0859248280697353,10.822037882589266
60.06006006006007,5.210971338308231,0.12534796755362476,2.113366732954093,10.822037882589266
60.56056056056057,5.234706008613899,0.12699862684460586,2.141196848600034,10.822037882589266
61.06106106106107,5.258270534674282,0.12867208940953156,2.169411427444681,10.822037882589266
61.56156156156157,5.281666795597416,0.13036812079377996,2.1980065165831086,10.822037882589266
62.06206206206207,5.304896642041007,0.13208647544829313,2.2269779760582007,10.822037882589266
62.56256256256257,5.32796189676918,0.13382689777053036,2.25632149641112,10.822037882589266
63.06306306306307,5.350864355195588,0.13558912310037288,2.2860326154722648,10.822037882589266
63.56356356356357,5.373605785913303,0.13737287867021966,2.316106734379881,10.822037882589266
64.06406406406407,5.396187931211862,0.1391778845089034,2.346539132820088,10.822037882589266
64.56456456456458,5.418612507581892,0.1410038542993964,2.3773249834878003,10.822037882589266
65.06506506506507,5.440881206207623,0.14285049619059575,2.408459365773421,10.822037882589266
65.56556556556558,5.462995693447702,0.14471751356372717,2.4399372786844165,10.822037882589266
66.06606606606607,5.484957611304604,0.14660460575415407,2.4717536530150137,10.822037882589266
66.56656656656658,5.506768577882996,0.1485114687295643,2.50390336278043,10.822037882589266
67.06706706706707,5.528430187837358,0.15043779572567753,2.5363812359348987,10.822037882589266
67.56756756756758,5.549944012809182,0.15238327784074737,2.5691820643949757,10.822037882589266
68.06806806806807,5.571311601854026,0.15434760459024416,2.602300613391491,10.822037882589266
68.56856856856858,5.592534481858729,0.15633046442318738,2.6357316301749134,10.822037882589266
69.06906906906907,5.61361415794905,0.15833154520165513,2.6694698520998794,10.822037882589266
69.56956956956958,5.634552113888007,0.16035053464504795,2.703510014115482,10.822037882589266
70.07007007007007,5.6553498124651655,0.16238712074070275,2.737846855688222,10.822037882589266
70.57057057057058,5.676008695877135,0.16444099212246555,2.7724751271847423,10.822037882589266
71.07107107107107,5.696530186099504,0.16651183841882877,2.8073895957414257,10.822037882589266
71.57157157157158,5.716915685250467,0.16859935057222653,2.8425850506477115,10.822037882589266
72.07207207207207,5.737166575946337,0.17070322113104913,2.8780563082694606,10.822037882589266
72.57257257257258,5.757284221649203,0.1728231445159207,2.9137982165383947,10.822037882589266
73.07307307307308,5.777269967006902,0.17495881726172763,2.949805659032699,10.822037882589266
73.57357357357358,5.797125138185538,0.17710993823685856,2.9860735586734064,10.822037882589266
74.07407407407408,5.8168510431947436,0.17927620884105275,3.02259688106012,10.822037882589266
74.57457457457458,5.836448972205864,0.18145733318321797,3.059370637469025,10.822037882589266
75.07507507507508,5.855920197863253,0.1836530182405089,3.09638988753495,10.822037882589266
75.57557557557558,5.875265975588875,0.18586297399991672,3.1336497416385654,10.822037882589266
76.07607607607608,5.894487543880359,0.18808691358355328,3.1711453630186774,10.822037882589266
76.57657657657658,5.913586124602713,0.1903245533587628,3.2088719696287096,10.822037882589266
77.07707707707708,5.932562923273816,0.19257561303413454,3.2468248357554765,10.822037882589266
77.57757757757759,5.951419129343893,0.1948398157424371,3.284999293417458,10.822037882589266
78.07807807807808,5.970155916469084,0.1971168881114358,3.3233907335587753,10.822037882589266
78.57857857857859,5.988774442779298,0.19940656032350573,3.361994607054274,10.822037882589266
79.07907907907908,6.007275851140454,0.20170856616489785,3.4008064255401447,10.822037882589266
79.57957957957959,6.02566126941129,0.20402264306546455,3.439821762083699,10.822037882589266
80.08008008008008,6.04393181069484,0.20634853212960516,3.479036251705109,10.822037882589266
80.58058058058059,6.06208857358475,0.20868597815914364,3.5184455917631277,10.822037882589266
81.0810810810811,6.080132642406514,0.21103472966880307,3.5580455422159853,10.822037882589266
81.58158158158159,6.098065087453798,0.21339453889490342,3.5978319257680367,10.822037882589266
82.0820820820821,6.1158869652199614,0.21576516179786492,3.6378006279119672,10.822037882589266
82.58258258258259,6.133599318624858,0.21814635805906007,3.677947596875717,10.822037882589266
83.0830830830831,6.151203177237097,0.2205378910725241,3.7182688434827202,10.822037882589266
83.58358358358359,6.168699557491802,0.22293952793199356,3.758760440933375,10.822037882589266
84.0840840840841,6.186089462904043,0.22535103941371373,3.7994185245151764,10.822037882589266
84.58458458458459,6.203373884277994,0.22777219995542194,3.8402392912483765,10.822037882589266
85.0850850850851,6.220553799911938,0.2302027876318871,3.8812189994735786,10.822037882589266
85.58558558558559,6.237630175799234,0.23264258412735425,3.9223539683871547,10.822037882589266
86.0860860860861,6.2546039658253045,0.2350913747052203,3.9636405775299757,10.822037882589266
86.58658658658659,6.271476111960778,0.2375489481752419,4.005075266234539,10.822037882589266
87.0870870870871,6.288247544450844,0.2400150968585533,4.046654533035169,10.822037882589266
87.58758758758759,6.304919182000924,0.24248961655074971,4.0883749350456,10.822037882589266
88.0880880880881,6.321491931958752,0.24497230648327314,4.130233087307945,10.822037882589266
88.58858858858859,6.337966690492928,0.24746296928332018,4.1722256621167375,10.822037882589266
89.0890890890891,6.354344342768036,0.24996141093247048,4.214349388321412,10.822037882589266
89.5895895895896,6.370625763116414,0.2524674407242197,4.256601050610303,10.822037882589266
90.0900900900901,6.386811815206634,0.25498087122058966,4.2989774887791,10.822037882589266
90.5905905905906,6.402903352208788,0.2575015182079655,4.341475596986257,10.822037882589266
91.0910910910911,6.418901216956627,0.2600292006523094,4.384092322997894,10.822037882589266
91.5915915915916,6.434806242106651,0.26256374065387117,4.426824667424225,10.822037882589266
92.0920920920921,6.450619250294209,0.265104963401526,4.469669682949685,10.822037882589266
92.5925925925926,6.466341054286653,0.26765269712683676,4.512624473558424,10.822037882589266
93.0930930930931,6.481972457133656,0.2702067730579477,4.555686193756954,10.822037882589266
93.5935935935936,6.497514252314721,0.27276702537339487,4.5988520477953925,10.822037882589266
94.0940940940941,6.5129672238839555,0.2753332911559173,4.642119288888721,10.822037882589266
94.5945945945946,6.528332146612176,0.2779054103463394,4.685485218439237,10.822037882589266
95.0950950950951,6.543609786126393,0.28048322569759654,4.728947185261432,10.822037882589266
95.5955955955956,6.558800899046742,0.2830665827289586,4.772502584810196,10.822037882589266
96.0960960960961,6.573906233120912,0.2856553296805095,4.816148858413343,10.822037882589266
96.59659659659661,6.588926527356117,0.28824931746792876,4.859883492509232,10.822037882589266
97.0970970970971,6.60386251214869,0.29084839963762077,4.903704017890239,10.822037882589266
97.59759759759761,6.618714909411319,0.2934524323222297,4.947608008952744,10.822037882589266
98.0980980980981,6.633484432697992,0.2960612741965725,4.991593082954164,10.822037882589266
98.59859859859861,6.648171787326708,0.2986747864340252,5.035656899277615,10.822037882589266
99.0990990990991,6.6627776704999855,0.3012928326633821,5.079797158704572,10.822037882589266
99.59959959959961,6.6773027714232125,0.303915278926221,5.1240116026960365,10.822037882589266
100.10010010010011,6.691747771420916,0.3065419936347832,5.168298012682394,10.822037882589266
100.60060060060061,6.70611334405095,0.30917284753039675,5.212654209362438,10.822037882589266
101.10110110110111,6.72040015521668,0.3118077136424493,5.257078052011644,10.822037882589266
101.60160160160162,6.73460886327719,0.3144464672479291,5.301567437800033,10.822037882589266
102.10210210210211,6.7487401191555545,0.31708898583153927,5.3461203011197,10.822037882589266
102.60260260260262,6.762794566445228,0.3197351490464001,5.3907346129222535,10.822037882589266
103.10310310310311,6.776772841514565,0.3223848386753384,5.435408380066153,10.822037882589266
103.60360360360362,6.790675573609548,0.3250379385927754,5.48013964467414,10.822037882589266
104.10410410410411,6.804503384954711,0.3276943347272117,5.524926483500736,10.822037882589266
104.60460460460462,6.81825689085235,0.3303539150243158,5.569767007309911,10.822037882589266
105.10510510510511,6.831936699780003,0.3330165694106127,5.614659360262875,10.822037882589266
105.60560560560562,6.845543413486278,0.33568218975777653,5.659601719316057,10.822037882589266
106.10610610610611,6.859077627085036,0.3383506698475203,5.704592293629137,10.822037882589266
106.60660660660662,6.872539929147973,0.3410219053370892,5.749629323983268,10.822037882589266
107.10710710710711,6.885930901795626,0.34369579372534403,5.794711082209244,10.822037882589266
107.60760760760762,6.899251120786846,0.3463722343194402,5.839835870625705,10.822037882589266
108.10810810810811,6.912501155606764,0.3490511282020919,5.885002021487212,10.822037882589266
108.60860860860862,6.925681569553265,0.35173237819942005,5.930207896442164,10.822037882589266
109.10910910910911,6.938792919822032,0.3544158888493759,5.97545188600042,10.822037882589266
109.60960960960962,6.951835757590148,0.3571015663707378,6.020732409010581,10.822037882589266
110.11011011011011,6.964810628098329,0.3597893186326693,6.066047912146745,10.822037882589266
110.61061061061062,6.977718070731768,0.3624790551248391,6.111396869404728,10.822037882589266
111.11111111111111,6.990558619099672,0.36517068692808907,6.156777781607522,10.822037882589266
111.61161161161162,7.0033328011134435,0.36786412668564816,6.202189175919968,10.822037882589266
112.11211211211213,7.0160411390636215,0.3705592885748819,6.247629605372448,10.822037882589266
112.61261261261262,7.028684149695527,0.3732560882795698,6.293097648393486,10.822037882589266
113.11311311311313,7.0412623442836955,0.37595444296270564,6.338591908351155,10.822037882589266
113.61361361361362,7.053776228705077,0.37865427123980944,6.384111013103125,10.822037882589266
114.11411411411413,7.066226303511065,0.3813554931527447,6.429653614555213,10.822037882589266
114.61461461461462,7.078613063998335,0.38405803014403217,6.47521838822832,10.822037882589266
115.11511511511513,7.090937000278573,0.3867618050316539,6.520804032833621,10.822037882589266
115.61561561561562,7.103198597347041,0.38946674198433595,6.56640926985584,10.822037882589266
116.11611611611613,7.115398335150078,0.39217276649730504,6.612032843144498,10.822037882589266
116.61661661661662,7.127536688651499,0.3948798053685077,6.657673518512975,10.822037882589266
117.11711711711713,7.139614127897932,0.3975877866752872,6.703330083345278,10.822037882589266
117.61761761761763,7.151631118083137,0.40029663975150703,6.749001346210343,10.822037882589266
118.11811811811813,7.163588119611284,0.40300629516511466,6.794686136483767,10.822037882589266
118.61861861861863,7.175485588159236,0.40571668469613664,6.840383303976798,10.822037882589266
119.11911911911913,7.187323974737848,0.40842774131509757,6.886091718572478,10.822037882589266
119.61961961961963,7.199103725752311,0.41113939916185466,6.931810269868802,10.822037882589266
120.12012012012013,7.210825283061537,0.4138515935248392,6.977537866828721,10.822037882589266
120.62062062062063,7.222489084036624,0.41656426082069986,7.023273437436932,10.822037882589266
121.12112112112113,7.2340955616184,0.4192773385743379,7.069015928363268,10.822037882589266
121.62162162162163,7.245645144374089,0.42199076539932473,7.114764304632546,10.822037882589266
122.12212212212214,7.25713825655308,0.4247044809787,7.160517549300812,10.822037882589266
122.62262262262263,7.268575318141843,0.42741842604613783,7.206274663137814,10.822037882589266
123.12312312312314,7.279956744918,0.4301325423674753,7.252034664315563,10.822037882589266
123.62362362362363,7.291282948503561,0.432846772722598,7.297796588102932,10.822037882589266
124.12412412412414,7.302554336417337,0.43556106088767127,7.3435594865660665,10.822037882589266
124.62462462462463,7.313771312126574,0.4382753516177164,7.389322428274627,10.822037882589266
125.12512512512514,7.3249342750977755,0.4409895906295161,7.435084498013569,10.822037882589266
125.62562562562563,7.33604362084676,0.4437037245848531,7.48084479650055,10.822037882589266
126.12612612612614,7.347099740987969,0.4464177010740679,7.526602440108712,10.822037882589266
126.62662662662663,7.358103023283019,0.44913146859992925,7.572356560594733,10.822037882589266
127.12712712712714,7.369053851688523,0.45184497656181466,7.618106304832121,10.822037882589266
127.62762762762763,7.379952606403197,0.4545581752401941,7.6638508345495975,10.822037882589266
128.12812812812814,7.390799663914257,0.4572710157814063,7.709589326074435,10.822037882589266
128.62862862862863,7.4015953970431205,0.45998345018272846,7.755320970080726,10.822037882589266
129.12912912912915,7.412340174990434,0.46269543127772705,7.801044971342402,10.822037882589266
129.62962962962965,7.423034363380421,0.465406912721887,7.846760548490939,10.822037882589266
130.13013013013014,7.433678324304579,0.4681178489785155,7.892466933777694,10.822037882589266
130.63063063063063,7.444272416364728,0.4708281953049097,7.938163372840701,10.822037882589266
131.13113113113116,7.45481699471542,0.473537907738788,7.9838491244758885,10.822037882589266
131.63163163163165,7.465312411105734,0.47624694308497495,8.0295234604126,10.822037882589266
132.13213213213214,7.475759013920445,0.4789552589023397,8.075185665093368,10.822037882589266
132.63263263263264,7.486157148220604,0.4816628134909771,8.120835035457795,10.822037882589266
133.13313313313316,7.496507155783514,0.4843695658796322,8.16647088073052,10.822037882589266
133.63363363363365,7.506809375142129,0.48707547581335725,8.212092522213123,10.822037882589266
134.13413413413414,7.5170641416238855,0.4897805037414014,8.257699293079948,10.822037882589266
134.63463463463464,7.527271787388956,0.4924846108053267,8.303290538177727,10.822037882589266
135.13513513513516,7.537432641467974,0.4951877588273438,8.348865613828934,10.822037882589266
135.63563563563565,7.547547029799189,0.49788991029886526,8.394423887638787,10.822037882589266
136.13613613613614,7.557615275265111,0.5005910283692726,8.439964738305854,10.822037882589266
136.63663663663664,7.567637697728612,0.5032910768348885,8.485487555436137,10.822037882589266
137.13713713713716,7.577614614068524,0.5059900201281552,8.530991739360614,10.822037882589266
137.63763763763765,7.587546338214716,0.5086878233070119,8.576476700956137,10.822037882589266
138.13813813813815,7.597433181182691,0.5113844520444666,8.621941861469622,10.822037882589266
138.63863863863864,7.607275451107671,0.5140798726183613,8.667386652345487,10.822037882589266
139.13913913913916,7.617073453278213,0.5167740519013233,8.712810515056226,10.822037882589266
139.63963963963965,7.626827490169351,0.5194669573509013,8.758212900936112,10.822037882589266
140.14014014014015,7.636537861475266,0.5221585569998808,8.803593271017904,10.822037882589266
140.64064064064064,7.646204864141492,0.524848819446776,8.848951095872557,10.822037882589266
141.14114114114116,7.6558287923966875,0.5275377138464972,8.894285855451855,10.822037882589266
141.64164164164166,7.665409937783945,0.530225209901181,8.939597038933826,10.822037882589266
142.14214214214215,7.674948589191676,0.532911277851195,8.98488414457106,10.822037882589266
142.64264264264264,7.684445032884066,0.5355958884662986,9.030146679541707,10.822037882589266
143.14314314314316,7.693899552531096,0.5382790130369652,9.075384159803146,10.822037882589266
143.64364364364366,7.703312429238161,0.5409606233658618,9.120596109948341,10.822037882589266
144.14414414414415,7.712683941575273,0.5436406917594794,9.165782063064734,10.822037882589266
144.64464464464467,7.722014365605871,0.5463191910199146,9.21094156059567,10.822037882589266
145.14514514514516,7.731303974915217,0.5489960944367975,9.256074152204317,10.822037882589266
145.64564564564566,7.740553040638421,0.5516713757793653,9.301179395640009,10.822037882589266
146.14614614614615,7.74976183148808,0.5543450092886738,9.34625685660695,10.822037882589266
146.64664664664667,7.7589306137815255,0.5570169696699505,9.391306108635275,10.822037882589266
147.14714714714717,7.768059651467723,0.5596872320850806,9.436326732954369,10.822037882589266
147.64764764764766,7.777149206153785,0.5623557721452275,9.481318318368443,10.822037882589266
148.14814814814815,7.786199537131147,0.5650225659035846,9.526280461134343,10.822037882589266
148.64864864864867,7.795210901401365,0.5676875898482504,9.571212764841409,10.822037882589266
149.14914914914917,7.804183553701586,0.5703508208952338,9.616114840293548,10.822037882589266
149.64964964964966,7.8131177465296675,0.5730122363815795,9.660986305393337,10.822037882589266
150.15015015015015,7.8220137301689645,0.5756718140586145,9.705826785028146,10.822037882589266
150.65065065065068,7.8308717527127785,0.5783295320853103,9.750635910958238,10.822037882589266
151.15115115115117,7.839692060088481,0.5809853690217648,9.795413321706858,10.822037882589266
151.65165165165166,7.848474896081328,0.5836393038227944,9.840158662452218,10.822037882589266
152.15215215215215,7.857220502357941,0.5862913158316384,9.884871584921328,10.822037882589266
152.65265265265268,7.86592911848949,0.5889413847737721,9.929551747285702,10.822037882589266
153.15315315315317,7.8746009819745595,0.5915894907508268,9.974198814058843,10.822037882589266
153.65365365365366,7.883236328261728,0.5942356142346157,10.018812455995523,10.822037882589266
154.15415415415416,7.891835390771832,0.59687973606126,10.063392349992746,10.822037882589266
154.65465465465468,7.90039840091995,0.5995218374254186,10.10793817899246,10.822037882589266
155.15515515515517,7.9089255881370955,0.6021618998746162,10.152449631885931,10.822037882589266
155.65565565565566,7.917417179891633,0.6047999053036661,10.196926403419711,10.822037882589266
156.15615615615616,7.925873401710394,0.6074358359491906,10.241368194103254,10.822037882589266
156.65665665665668,7.934294477199548,0.6100696743842349,10.2857747101181,10.822037882589266
157.15715715715717,7.942680628065178,0.6127014035129696,10.330145663228567,10.822037882589266
157.65765765765767,7.951032074133603,0.6153310065654866,10.374480770694003,10.822037882589266
158.15815815815816,7.959349033371438,0.6179584670926809,10.418779755182499,10.822037882589266
158.65865865865868,7.967631721905384,0.620583768961219,10.463042344686052,10.822037882589266
159.15915915915917,7.975880354041777,0.6232068963485928,10.507268272437173,10.822037882589266
159.65965965965967,7.98409514228588,0.6258278337382565,10.551457276826902,10.822037882589266
160.16016016016016,7.992276297360927,0.6284465659148449,10.595609101324182,10.822037882589266
160.66066066066068,8.00042402822693,0.6310630779594723,10.639723494396598,10.822037882589266
161.16116116116117,8.008538542099236,0.6336773552451087,10.683800209432428,10.822037882589266
161.66166166166167,8.016620044466858,0.6362893834320348,10.727839004664002,10.822037882589266
162.1621621621622,8.024668739110576,0.638899148463372,10.771839643092347,10.822037882589266
162.66266266266268,8.032684828120784,0.6415066365606864,10.815801892413068,10.822037882589266
163.16316316316318,8.040668511915154,0.6441118342196658,10.859725524943459,10.822037882589266
163.66366366366367,8.048619989256034,0.6467147282058682,10.90361031755083,10.822037882589266
164.1641641641642,8.056539457267665,0.6493153055505426,10.947456051582042,10.822037882589266
164.66466466466468,8.064427111453146,0.651913553546514,10.991262512794119,10.822037882589266
165.16516516516518,8.072283145711218,0.6545094597441415,11.035029491286119,10.822037882589266
165.66566566566567,8.080107752352818,0.6571030119473393,11.078756781432034,10.822037882589266
166.1661661661662,8.087901122117445,0.659694198209663,11.12244418181481,10.822037882589266
166.66666666666669,8.095663444189293,0.662283006830463,11.166091495161497,10.822037882589266
167.16716716716718,8.103394906213223,0.6648694263510976,11.209698528279397,10.822037882589266
167.66766766766767,8.111095694310501,0.6674534455512074,11.253265091993248,10.822037882589266
168.1681681681682,8.118765993094367,0.6700350534450549,11.296791001083514,10.822037882589266
168.6686686686687,8.126405985685397,0.6726142392779173,11.340276074225576,10.822037882589266
169.16916916916918,8.134015853726682,0.675190992522543,11.383720133929964,10.822037882589266
169.66966966966967,8.141595777398827,0.6777653028756623,11.427123006483555,10.822037882589266
170.1701701701702,8.149145935434749,0.6803371602545566,11.470484521891713,10.822037882589266
170.6706706706707,8.156666505134314,0.6829065547936797,11.513804513821327,10.822037882589266
171.17117117117118,8.16415766237878,0.6854734768413379,11.557082819544844,10.822037882589266
171.67167167167167,8.171619581645077,0.6880379169564197,11.600319279885124,10.822037882589266
172.1721721721722,8.179052436019902,0.6905998659051805,11.64351373916123,10.822037882589266
172.6726726726727,8.186456397213647,0.6931593146580756,11.68666604513504,10.822037882589266
173.17317317317318,8.193831635574167,0.6957162543866477,11.729776048958767,10.822037882589266
173.67367367367368,8.201178320100372,0.6982706764604618,11.772843605123272,10.822037882589266
174.1741741741742,8.208496618455655,0.7008225724440883,11.815868571407213,10.822037882589266
174.6746746746747,8.215786696981166,0.703371934094136,11.858850808827018,10.822037882589266
175.17517517517518,8.223048720708922,0.7059187533563311,11.901790181587627,10.822037882589266
175.67567567567568,8.230282853374764,0.7084630223626411,11.944686557034013,10.822037882589266
176.1761761761762,8.237489257431148,0.7110047334284476,11.987539805603511,10.822037882589266
176.6766766766767,8.2446680940598,0.7135438790497605,12.030349800778845,10.822037882589266
177.17717717717719,8.251819523184215,0.716080451900477,12.073116419041924,10.822037882589266
177.6776776776777,8.258943703481995,0.7186144448296855,12.11583953982838,10.822037882589266
178.1781781781782,8.266040792397057,0.7211458508590083,12.15851904548276,10.822037882589266
178.6786786786787,8.2731109461517,0.7236746631799897,12.201154821214509,10.822037882589266
179.1791791791792,8.2801543197585,0.7262008751515224,12.243746755054548,10.822037882589266
179.6796796796797,8.287171067032109,0.7287244802973155,12.28629473781262,10.822037882589266
180.1801801801802,8.294161340600875,0.7312454723034002,12.328798663035208,10.822037882589266
180.6806806806807,8.301125291918353,0.7337638450156778,12.371258426964207,10.822037882589266
181.1811811811812,8.308063071274669,0.7362795924375016,12.413673928496157,10.822037882589266
181.6816816816817,8.31497482780775,0.7387927087272994,12.456045069142148,10.822037882589266
182.1821821821822,8.321860709514434,0.7413031881962312,12.498371752988337,10.822037882589266
182.6826826826827,8.32872086326144,0.743811025305884,12.540653886657083,10.822037882589266
183.1831831831832,8.335555434796218,0.7463162146660028,12.582891379268686,10.822037882589266
183.6836836836837,8.342364568757667,0.7488187510322549,12.625084142403695,10.822037882589266
184.1841841841842,8.34914840868673,0.7513186293040286,12.667232090065799,10.822037882589266
184.6846846846847,8.35590709703688,0.7538158445222676,12.709335138645308,10.822037882589266
185.1851851851852,8.362640775184465,0.7563103918673385,12.751393206883202,10.822037882589266
185.6856856856857,8.369349583438945,0.7588022666569287,12.793406215835693,10.822037882589266
186.1861861861862,8.376033661053016,0.7612914643439789,12.835374088839359,10.822037882589266
186.6866866866867,8.382693146232606,0.7637779805146452,12.877296751476793,10.822037882589266
187.1871871871872,8.389328176146773,0.766261810886294,12.91917413154279,10.822037882589266
187.6876876876877,8.395938886937468,0.7687429513055265,12.96100615901105,10.822037882589266
188.1881881881882,8.402525413729215,0.771221397746234,13.00279276600138,10.822037882589266
188.6886886886887,8.40908789063865,0.7736971463076809,13.044533886747374,10.822037882589266
189.1891891891892,8.415626450783986,0.7761701932126199,13.086229457564645,10.822037882589266
189.68968968968971,8.42214122629434,0.778640534805433,13.127879416819473,10.822037882589266
190.1901901901902,8.428632348318969,0.781108167550301,13.169483704897946,10.822037882589266
190.6906906906907,8.43509994703641,0.783573088029402,13.211042264175589,10.822037882589266
191.1911911911912,8.4415441516635,0.7860352929411364,13.252555038987431,10.822037882589266
191.69169169169172,8.447965090464306,0.7884947790983777,13.29402197559852,10.822037882589266
192.1921921921922,8.454362890758956,0.7909515434267504,13.335443022174882,10.822037882589266
192.6926926926927,8.460737678932357,0.7934055829629354,13.37681812875496,10.822037882589266
193.19319319319322,8.46708958044284,0.7958568948529969,13.418147247221398,10.822037882589266
193.69369369369372,8.473418719830688,0.7983054763507376,13.459430331273305,10.822037882589266
194.1941941941942,8.479725220726573,0.8007513248160782,13.500667336398948,10.822037882589266
194.6946946946947,8.486009205859917,0.8031944377134586,13.541858219848779,10.822037882589266
195.19519519519523,8.492270797067128,0.8056348126102669,13.583002940608969,10.822037882589266
195.69569569569572,8.498510115299778,0.8080724471752878,13.62410145937522,10.822037882589266
196.1961961961962,8.504727280632673,0.8105073391771769,13.665153738527069,10.822037882589266
196.6966966966967,8.510922412271833,0.8129394864829568,13.706159742102518,10.822037882589266
197.19719719719723,8.517095628562398,0.8153688870565335,13.747119435773023,10.822037882589266
197.69769769769772,8.523247046996428,0.8177955389572393,13.78803278681892,10.822037882589266
198.1981981981982,8.529376784220638,0.8202194403383937,13.828899764105183,10.822037882589266
198.6986986986987,8.535484956044035,0.8226405894458851,13.869720338057489,10.822037882589266
199.19919919919923,8.541571677445473,0.8250589846167766,13.910494480638718,10.822037882589266
199.69969969969972,8.547637062581133,0.8274746242779291,13.951222165325749,10.822037882589266
200.20020020020021,8.553681224791918,0.8298875069446467,13.991903367086609,10.822037882589266
200.7007007007007,8.559704276610761,0.8322976312193424,14.032538062357977,10.822037882589266
201.20120120120123,8.565706329769867,0.8347049957902205,14.07312622902298,10.822037882589266
201.70170170170172,8.571687495207865,0.837109599429981,14.113667846389342,10.822037882589266
202.20220220220222,8.577647883076896,0.8395114409945436,14.154162895167866,10.822037882589266
202.7027027027027,8.583587602749606,0.8419105194217863,14.194611357451178,10.822037882589266
203.20320320320323,8.589506762826081,0.8443068337303069,14.235013216692836,10.822037882589266
203.70370370370372,8.595405471140705,0.8467003830182008,14.275368457686728,10.822037882589266
204.20420420420422,8.60128383476893,0.8490911664618559,14.315677066546751,10.822037882589266
204.7047047047047,8.607141960034001,0.8514791833147649,14.355939030686796,10.822037882589266
205.20520520520523,8.612979952513575,0.8538644329063585,14.396154338801065,10.822037882589266
205.70570570570572,8.618797917046306,0.8562469146408495,14.436322980844581,10.822037882589266
206.20620620620622,8.62459595773833,0.8586266279960991,14.476444948014091,10.822037882589266
206.7067067067067,8.630374177969694,0.8610035725224955,14.516520232729132,10.822037882589266
207.20720720720723,8.636132680400724,0.8633777478418535,14.556548828613508,10.822037882589266
207.70770770770773,8.64187156697831,0.8657491536463247,14.596530730476891,10.822037882589266
208.20820820820822,8.64759093894214,0.8681177896973256,14.636465934296767,10.822037882589266
208.70870870870874,8.653290896830852,0.8704836558244848,14.676354437200672,10.822037882589266
209.20920920920923,8.658971540488148,0.8728467519245976,14.716196237448573,10.822037882589266
209.70970970970973,8.664632969068798,0.8752070779606042,14.755991334415642,10.822037882589266
210.21021021021022,8.670275281044646,0.877564633960575,14.795739728575152,10.822037882589266
210.71071071071074,8.675898574210487,0.8799194200167169,14.835441421481702,10.822037882589266
211.21121121121124,8.68150294568993,0.8822714362843886,14.875096415754648,10.822037882589266
211.71171171171173,8.687088491941171,0.8846206829811334,14.914704715061763,10.822037882589266
212.21221221221222,8.692655308762737,0.8869671603857258,14.954266324103191,10.822037882589266
212.71271271271274,8.69820349129913,0.8893108688372287,14.993781248595528,10.822037882589266
213.21321321321324,8.703733134046443,0.8916518087340669,15.033249495256221,10.822037882589266
213.71371371371373,8.709244330857915,0.8939899805331138,15.072671071788152,10.822037882589266
214.21421421421422,8.714737174949416,0.8963253847487896,15.112045986864446,10.822037882589266
214.71471471471475,8.720211758904883,0.898658021952173,15.15137425011349,10.822037882589266
215.21521521521524,8.7256681746817,0.9009878927701267,15.190655872104188,10.822037882589266
215.71571571571573,8.731106513616027,0.9033149978844321,15.229890864331377,10.822037882589266
216.21621621621622,8.73652686642806,0.9056393380309407,15.269079239201512,10.822037882589266
216.71671671671675,8.741929323227257,0.9079609139987361,15.308221010018542,10.822037882589266
217.21721721721724,8.7473139735175,0.9102797266293015,15.347316190969874,10.822037882589266
217.71771771771773,8.75268090620219,0.9125957768157131,15.386364797112774,10.822037882589266
218.21821821821823,8.758030209589332,0.9149090655018293,15.425366844360692,10.822037882589266
218.71871871871875,8.76336197139652,0.9172195936815017,15.464322349469969,10.822037882589266
219.21921921921924,8.7686762787559,0.9195273623977941,15.503231330026658,10.822037882589266
219.71971971971973,8.773973218219078,0.9218323727422107,15.542093804433522,10.822037882589266
220.22022022022023,8.779252875761975,0.9241346258539397,15.580909791897271,10.822037882589266
220.72072072072075,8.784515336789642,0.926434122919102,15.619679312415908,10.822037882589266
221.22122122122124,8.789760686141,0.9287308651700152,15.658402386766305,10.822037882589266
221.72172172172174,8.794989008093571,0.931024853884464,15.69707903649191,10.822037882589266
222.22222222222223,8.80020038636814,0.9333160903849869,15.735709283890726,10.822037882589266
222.72272272272275,8.805394904133356,0.9356045760381646,15.774293152003303,10.822037882589266
223.22322322322324,8.810572644010328,0.9378903122539236,15.812830664600998,10.822037882589266
223.72372372372374,8.815733688077133,0.9401733004848509,15.851321846174432,10.822037882589266
224.22422422422426,8.820878117873297,0.9424535422255148,15.889766721922024,10.822037882589266
224.72472472472475,8.826006014404246,0.9447310390117948,15.928165317738705,10.822037882589266
225.22522522522524,8.831117458145687,0.9470057924202259,15.966517660204852,10.822037882589266
225.72572572572574,8.83621252904795,0.9492778040673456,16.004823776575293,10.822037882589266
226.22622622622626,8.841291306540315,0.9515470756090557,16.043083694768523,10.822037882589266
226.72672672672675,8.846353869535253,0.9538136087399878,16.08129744335604,10.822037882589266
227.22722722722725,8.851400296432665,0.9560774051928819,16.11946505155183,10.822037882589266
227.72772772772774,8.856430665124046,0.9583384667379744,16.15758654920209,10.822037882589266
228.22822822822826,8.861445052996643,0.9605967951823863,16.195661966774875,10.822037882589266
228.72872872872875,8.866443536937528,0.9628523923695309,16.233691335350134,10.822037882589266
229.22922922922925,8.871426193337681,0.9651052601785245,16.271674686609764,10.822037882589266
229.72972972972974,8.876393098095992,0.9673554005236021,16.309612052827774,10.822037882589266
230.23023023023026,8.881344326623248,0.9696028153535484,16.34750346686067,10.822037882589266
230.73073073073076,8.886279953846069,0.971847506651131,16.385348962137908,10.822037882589266
231.23123123123125,8.891200054210815,0.9740894764325431,16.423148572652515,10.822037882589266
231.73173173173174,8.896104701687443,0.9763287267468556,16.460902332951825,10.822037882589266
232.23223223223226,8.900993969773346,0.978565259675475,16.49861027812835,10.822037882589266
232.73273273273276,8.905867931497122,0.9807990773316086,16.536272443810763,10.822037882589266
233.23323323323325,8.910726659422359,0.9830301818597387,16.573888866155034,10.822037882589266
233.73373373373374,8.915570225651313,0.9852585754351008,16.611459581835636,10.822037882589266
234.23423423423426,8.920398701828626,0.9874842602631756,16.648984628036978,10.822037882589266
234.73473473473476,8.925212159144946,0.9897072385791794,16.686464042444804,10.822037882589266
235.23523523523525,8.930010668340554,0.9919275126475686,16.723897863237845,10.822037882589266
235.73573573573574,8.934794299708926,0.9941450847615466,16.76128612907951,10.822037882589266
236.23623623623627,8.93956312310029,0.9963599572425814,16.79862887910976,10.822037882589266
236.73673673673676,8.944317207925126,0.9985721324399235,16.835926152936945,10.822037882589266
237.23723723723725,8.949056623157635,1.0007816127301408,16.87317799063001,10.822037882589266
237.73773773773775,8.9537814373392,1.0029884005166472,16.910384432710508,10.822037882589266
238.23823823823827,8.958491718581776,1.0051924982292502,16.947545520144992,10.822037882589266
238.73873873873876,8.96318753457127,1.007393908323693,16.984661294337297,10.822037882589266
239.23923923923925,8.967868952570896,1.0095926332812122,17.02173179712107,10.822037882589266
239.73973973973975,8.972536039424483,1.0117886756080983,17.05875707075237,10.822037882589266
240.24024024024027,8.977188861559751,1.0139820378352593,17.095737157902306,10.822037882589266
240.74074074074076,8.981827484991573,1.0161727225177952,17.13267210164986,10.822037882589266
241.24124124124126,8.98645197532518,1.0183607322345753,17.169561945474772,10.822037882589266
241.74174174174178,8.991062397759366,1.0205460695878203,17.206406733250482,10.822037882589266
242.24224224224227,8.995658817089652,1.0227287372026963,17.243206509237293,10.822037882589266
242.74274274274276,9.000241297711383,1.0249087377269044,17.27996131807544,10.822037882589266
243.24324324324326,9.00480990362288,1.0270860738302867,17.316671204778466,10.822037882589266
243.74374374374378,9.009364698428477,1.0292607482044287,17.3533362147265,10.822037882589266
244.24424424424427,9.013905745341566,1.0314327635622718,17.389956393659734,10.822037882589266
244.74474474474476,9.018433107187631,1.0336021226377317,17.426531787671987,10.822037882589266
245.24524524524526,9.022946846407224,1.0357688281853186,17.4630624432043,10.822037882589266
245.74574574574578,9.027447025058922,1.037932882979766,17.499548407038684,10.822037882589266
246.24624624624627,9.031933704822269,1.0400942898156622,17.535989726291895,10.822037882589266
246.74674674674677,9.036406947000673,1.0422530515070882,17.572386448409336,10.822037882589266
247.24724724724726,9.040866812524287,1.0444091708872603,17.608738621159038,10.822037882589266
247.74774774774778,9.045313361952868,1.0465626508081756,17.64504629262567,10.822037882589266
248.24824824824827,9.049746655478584,1.0487134941402658,17.68130951120471,10.822037882589266
248.74874874874877,9.05416675292884,1.0508617037720558,17.71752832559669,10.822037882589266
249.24924924924926,9.058573713769023,1.0530072826098202,17.753702784801398,10.822037882589266
249.74974974974978,9.06296759710529,1.055150233577255,17.789832938112344,10.822037882589266
250.25025025025028,9.067348461687246,1.0572905596151427,17.825918835111132,10.822037882589266
250.75075075075077,9.071716365910667,1.0594282636810337,17.861960525662056,10.822037882589266
251.25125125125126,9.076071367820184,1.06156334874892,17.897958059906617,10.822037882589266
251.75175175175178,9.080413525111911,1.0636958178089237,17.93391148825828,10.822037882589266
252.25225225225228,9.084742895136086,1.065825673866982,17.969820861397142,10.822037882589266
252.75275275275277,9.089059534899665,1.0679529199445423,18.005686230264807,10.822037882589266
253.25325325325326,9.0933635010689,1.070077559078257,18.041507646059237,10.822037882589266
253.75375375375378,9.097654849971901,1.0721995943196863,18.077285160229735,10.822037882589266
254.25425425425428,9.101933637601162,1.0743190287350002,18.113018824471926,10.822037882589266
254.75475475475477,9.106199919616074,1.0764358654046915,18.148708690722923,10.822037882589266
255.25525525525526,9.110453751345412,1.0785501074232844,18.184354811156396,10.822037882589266
255.75575575575579,9.11469518778979,1.0806617578990552,18.219957238177894,10.822037882589266
256.2562562562563,9.118924283624118,1.0827708199537502,18.25551602442005,10.822037882589266
256.7567567567568,9.12314109320001,1.0848772967223113,18.29103122273799,10.822037882589266
257.25725725725727,9.12734567054819,1.086981191352604,18.326502886204725,10.822037882589266
257.75775775775776,9.131538069380863,1.0890825070051509,18.361931068106664,10.822037882589266
258.2582582582583,9.13571834309408,1.091181246852864,18.39731582193911,10.822037882589266
258.7587587587588,9.139886544770063,1.093277414080787,18.43265720140189,10.822037882589266
259.2592592592593,9.144042727179526,1.0953710118858366,18.467955260395026,10.822037882589266
259.7597597597598,9.148186942783967,1.0974620434765483,18.503210053014424,10.822037882589266
260.2602602602603,9.152319243737946,1.099550512072829,18.538421633547717,10.822037882589266
260.7607607607608,9.15643968189132,1.1016364209057048,18.573590056470003,10.822037882589266
261.26126126126127,9.160548308791503,1.1037197732170831,18.60871537643984,10.822037882589266
261.76176176176176,9.164645175685658,1.1058005722595092,18.643797648295145,10.822037882589266
262.2622622622623,9.168730333522909,1.1078788212959294,18.67883692704919,10.822037882589266
262.7627627627628,9.172803832956495,1.1099545235994588,18.71383326788669,10.822037882589266
263.2632632632633,9.176865724345951,1.1120276824531494,18.748786726159917,10.822037882589266
263.7637637637638,9.18091605775922,1.114098301149763,18.78369735738482,10.822037882589266
264.2642642642643,9.184954882974788,1.1161663829915494,18.81856521723734,10.822037882589266
264.7647647647648,9.188982249483777,1.11823193129002,18.853390361549554,10.822037882589266
265.26526526526527,9.192998206492028,1.1202949493657333,18.88817284630608,10.822037882589266
265.76576576576576,9.197002802922162,1.1223554405480802,18.922912727640448,10.822037882589266
266.2662662662663,9.200996087415628,1.1244134081750703,18.957610061831502,10.822037882589266
266.7667667667668,9.204978108334737,1.126468855593121,18.992264905299837,10.822037882589266
267.2672672672673,9.20894891376465,1.1285217861568537,19.02687731460437,10.822037882589266
267.7677677677678,9.212908551515392,1.130572203228889,19.061447346438882,10.822037882589266
268.2682682682683,9.216857069123826,1.1326201101796454,19.095975057628635,10.822037882589266
268.7687687687688,9.220794513855592,1.1346655103871415,19.13046050512702,10.822037882589266
269.2692692692693,9.224720932707072,1.1367084072368006,19.16490374601227,10.822037882589266
269.76976976976977,9.228636372407301,1.1387488041212575,19.199304837484213,10.822037882589266
270.2702702702703,9.23254087941988,1.1407867044401685,19.233663836861055,10.822037882589266
270.7707707707708,9.236434499944856,1.1428221116000241,19.26798080157622,10.822037882589266
271.2712712712713,9.240317279920616,1.1448550290139632,19.30225578917523,10.822037882589266
271.7717717717718,9.244189265025737,1.1468854601015912,19.336488857312638,10.822037882589266
272.2722722722723,9.248050500680828,1.1489134082888,19.370680063748978,10.822037882589266
272.7727727727728,9.251901032050354,1.150938877007591,19.404829466347795,10.822037882589266
273.2732732732733,9.25574090404446,1.1529618696958985,19.43893712307266,10.822037882589266
273.7737737737738,9.25957016132076,1.1549823897974187,19.47300309198429,10.822037882589266
274.2742742742743,9.263388848286116,1.157000440761438,19.507027431237656,10.822037882589266
274.7747747747748,9.26719700909841,1.1590160260426654,19.54101019907915,10.822037882589266
275.2752752752753,9.270994687668292,1.161029149101068,19.574951453843816,10.822037882589266
275.7757757757758,9.27478192766092,1.1630398134017048,19.60885125395255,10.822037882589266
276.2762762762763,9.278558772497673,1.1650480224145698,19.642709657909457,10.822037882589266
276.7767767767768,9.282325265357871,1.1670537796144285,19.676526724299073,10.822037882589266
277.2772772772773,9.286081449180456,1.169057088480664,19.7103025117838,10.822037882589266
277.7777777777778,9.289827366665683,1.1710579524971225,19.744037079101293,10.822037882589266
278.2782782782783,9.29356306027677,1.1730563751519576,19.777730485061813,10.822037882589266
278.7787787787788,9.297288572241555,1.1750523599374854,19.81138278854581,10.822037882589266
279.2792792792793,9.301003944554143,1.1770459103500297,19.84499404850131,10.822037882589266
279.7797797797798,9.304709218976509,1.179037029889782,19.878564323941532,10.822037882589266
280.2802802802803,9.308404437040126,1.1810257220606528,19.91209367394241,10.822037882589266
280.7807807807808,9.312089640047551,1.1830119903701315,19.945582157640224,10.822037882589266
281.2812812812813,9.315764869074005,1.1849958383291452,19.979029834229195,10.822037882589266
281.78178178178183,9.319430164968956,1.1869772694519212,20.012436762959197,10.822037882589266
282.2822822822823,9.323085568357659,1.1889562872558495,20.045803003133425,10.822037882589266
282.7827827827828,9.326731119642714,1.1909328952613492,20.07912861410615,10.822037882589266
283.2832832832833,9.330366859005585,1.1929070969917364,20.11241365528048,10.822037882589266
283.7837837837838,9.333992826408126,1.1948788959730907,20.145658186106115,10.822037882589266
284.2842842842843,9.337609061594087,1.1968482957341284,20.17886226607721,10.822037882589266
284.7847847847848,9.341215604090602,1.1988152998060777,20.212025954730272,10.822037882589266
285.2852852852853,9.344812493209668,1.2007799117225453,20.245149311641917,10.822037882589266
285.78578578578583,9.348399768049626,1.2027421350194027,20.278232396426933,10.822037882589266
286.2862862862863,9.351977467496605,1.2047019732346567,20.311275268736114,10.822037882589266
286.7867867867868,9.355545630225967,1.206659429908333,20.344277988254298,10.822037882589266
287.2872872872873,9.359104294703759,1.2086145085823548,20.3772406146983,10.822037882589266
287.7877877877878,9.362653499188104,1.2105672128004294,20.410163207815042,10.822037882589266
288.2882882882883,9.36619328173063,1.21251754610793,20.443045827379503,10.822037882589266
288.7887887887888,9.369723680177872,1.2144655120517842,20.475888533192883,10.822037882589266
289.28928928928934,9.37324473217264,1.2164111141803584,20.508691385080642,10.822037882589266
289.78978978978984,9.376756475155412,1.2183543560433518,20.54145444289071,10.822037882589266
290.29029029029033,9.380258946365686,1.2202952411916832,20.57417776649158,10.822037882589266
290.7907907907908,9.383752182843343,1.2222337731773891,20.60686141577058,10.822037882589266
291.2912912912913,9.387236221429982,1.2241699555535106,20.639505450631987,10.822037882589266
291.7917917917918,9.390711098770254,1.226103791873995,20.672109930995354,10.822037882589266
292.2922922922923,9.394176851313183,1.2280352856935892,20.704674916793714,10.822037882589266
292.7927927927928,9.39763351531348,1.2299644405677412,20.737200467971917,10.822037882589266
293.29329329329335,9.401081126832826,1.2318912600524967,20.769686644484892,10.822037882589266
293.79379379379384,9.404519721741186,1.2338157477044034,20.802133506296038,10.822037882589266
294.29429429429433,9.40794933571806,1.2357379070804122,20.834541113375547,10.822037882589266
294.7947947947948,9.411370004253781,1.2376577417377814,20.86690952569879,10.822037882589266
295.2952952952953,9.414781762650744,1.239575255233983,20.89923880324475,10.822037882589266
295.7957957957958,9.418184646024677,1.2414904511266094,20.93152900599443,10.822037882589266
296.2962962962963,9.421578689305864,1.24340333297328,20.9637801939293,10.822037882589266
296.7967967967968,9.424963927240382,1.245313904331553,20.99599242702978,10.822037882589266
297.29729729729735,9.428340394391316,1.2472221687588354,21.028165765273762,10.822037882589266
297.79779779779784,9.431708125139966,1.2491281298122945,21.06030026863508,10.822037882589266
298.29829829829833,9.435067153687047,1.251031791048771,21.092395997082072,10.822037882589266
298.7987987987988,9.438417514053887,1.252933156024694,21.124453010576133,10.822037882589266
299.2992992992993,9.441759240083593,1.254832228295999,21.156471369070335,10.822037882589266
299.7997997997998,9.445092365442232,1.2567290114180398,21.188451132507947,10.822037882589266
300.3003003003003,9.448416923619988,1.258623508945513,21.22039236082114,10.822037882589266
300.8008008008008,9.451732947932317,1.2605157244323721,21.252295113929588,10.822037882589266
301.30130130130135,9.455040471521086,1.2624056614317511,21.284159451739118,10.822037882589266
301.80180180180184,9.458339527355713,1.2642933234958835,21.315985434140387,10.822037882589266
302.30230230230234,9.461630148234292,1.2661787141760301,21.34777312100766,10.822037882589266
302.80280280280283,9.464912366784706,1.2680618370223966,21.3795225721974,10.822037882589266
303.3033033033033,9.468186215465732,1.2699426955840654,21.411233847547134,10.822037882589266
303.8038038038038,9.47145172656815,1.2718212934089146,21.44290700687409,10.822037882589266
304.3043043043043,9.474708932215826,1.273697634043552,21.474542109974077,10.822037882589266
304.80480480480486,9.477957864366795,1.275571721033239,21.5061392166202,10.822037882589266
305.30530530530535,9.481198554814334,1.2774435579218206,21.537698386561686,10.822037882589266
305.80580580580585,9.484431035188036,1.2793131482516593,21.569219679522767,10.822037882589266
306.30630630630634,9.487655336954852,1.2811804955635622,21.600703155201447,10.822037882589266
306.80680680680683,9.490871491420151,1.2830456033967141,21.63214887326839,10.822037882589266
307.3073073073073,9.494079529728756,1.2849084752886146,21.663556893365833,10.822037882589266
307.8078078078078,9.49727948286598,1.2867691147750084,21.69492727510643,10.822037882589266
308.3083083083083,9.500471381658647,1.2886275253898225,21.726260078072198,10.822037882589266
308.80880880880886,9.503655256776106,1.2904837106651028,21.75755536181342,10.822037882589266
309.30930930930936,9.50683113873125,1.2923376741309505,21.788813185847612,10.822037882589266
309.80980980980985,9.509999057881508,1.2941894193154622,21.82003360965848,10.822037882589266
310.31031031031034,9.513159044429838,1.2960389497446667,21.85121669269487,10.822037882589266
310.81081081081084,9.516311128425718,1.297886268942467,21.882362494369783,10.822037882589266
311.31131131131133,9.519455339766127,1.29973138043058,21.913471074059363,10.822037882589266
311.8118118118118,9.5225917081965,1.3015742877284806,21.94454249110197,10.822037882589266
312.3123123123123,9.525720263311714,1.3034149943533413,21.97557680479712,10.822037882589266
312.81281281281287,9.528841034557017,1.3052535038199782,22.006574074404618,10.822037882589266
313.31331331331336,9.531954051229002,1.3070898196407947,22.037534359143585,10.822037882589266
313.81381381381385,9.535059342476535,1.3089239453257275,22.068457718191553,10.822037882589266
314.31431431431434,9.538156937301686,1.310755884382192,22.099344210683544,10.822037882589266
314.81481481481484,9.541246864560668,1.3125856403150309,22.130193895711205,10.822037882589266
315.31531531531533,9.54432915296475,1.3144132166264593,22.16100683232189,10.822037882589266
315.8158158158158,9.547403831081162,1.3162386168160147,22.191783079517794,10.822037882589266
316.3163163163163,9.550470927334018,1.3180618443805094,22.222522696255172,10.822037882589266
316.81681681681687,9.553530470005207,1.3198829028139747,22.253225741443398,10.822037882589266
317.31731731731736,9.556582487235275,1.3217017956076176,22.283892273944215,10.822037882589266
317.81781781781785,9.559627007024334,1.323518526249769,22.31452235257089,10.822037882589266
318.31831831831835,9.562664057232917,1.3253330982258384,22.34511603608742,10.822037882589266
318.81881881881884,9.565693665582867,1.3271455150182658,22.375673383207744,10.822037882589266
319.31931931931933,9.568715859658194,1.328955780106476,22.406194452594967,10.822037882589266
319.8198198198198,9.57173066690594,1.330763896966834,22.436679302860604,10.822037882589266
320.3203203203203,9.574738114637027,1.3325698690725991,22.467127992563803,10.822037882589266
320.82082082082087,9.577738230027105,1.3343736998938833,22.497540580210654,10.822037882589266
321.32132132132136,9.580731040117398,1.3361753928976068,22.52791712425343,10.822037882589266
321.82182182182186,9.58371657181552,1.3379749515474526,22.55825768308983,10.822037882589266
322.32232232232235,9.586694851896333,1.3397723793038325,22.588562315062397,10.822037882589266
322.82282282282284,9.589665907002736,1.3415676796238376,22.61883107845768,10.822037882589266
323.32332332332334,9.592629763646505,1.3433608559612031,22.649064031505663,10.822037882589266
323.82382382382383,9.595586448209083,1.3451519117662665,22.679261232379034,10.822037882589266
324.3243243243244,9.598535986942405,1.3469408504859297,22.709422739192554,10.822037882589266
324.8248248248249,9.601478405969672,1.3487276755636186,22.739548610002387,10.822037882589266
325.32532532532537,9.60441373128616,1.3505123904392469,22.769638902805482,10.822037882589266
325.82582582582586,9.607341988759996,1.3522949985491792,22.79969367553894,10.822037882589266
326.32632632632635,9.610263204132945,1.3540755033261935,22.8297129860794,10.822037882589266
326.82682682682685,9.613177403021174,1.3558539081994434,22.859696892242393,10.822037882589266
327.32732732732734,9.616084610916035,1.357630216594427,22.889645451781817,10.822037882589266
327.82782782782783,9.618984853184811,1.359404431932949,22.919558722389297,10.822037882589266
328.3283283283284,9.621878155071485,1.3611765576330868,22.94943676169362,10.822037882589266
328.8288288288289,9.624764541697488,1.3629465971091577,22.979279627260176,10.822037882589266
329.32932932932937,9.627644038062444,1.3647145537716847,23.00908737659038,10.822037882589266
329.82982982982986,9.63051666904491,1.3664804310273666,23.038860067121178,10.822037882589266
330.33033033033036,9.633382459403117,1.3682442322790414,23.068597756224413,10.822037882589266
330.83083083083085,9.63624143377569,1.37000596092566,23.098300501206403,10.822037882589266
331.33133133133134,9.639093616682379,1.3717656203622512,23.12796835930733,10.822037882589266
331.83183183183183,9.641939032524778,1.373523213979897,23.157601387700836,10.822037882589266
332.3323323323324,9.644777705587039,1.3752787451656927,23.187199643493354,10.822037882589266
332.8328328328329,9.647609660036577,1.3770322173027298,23.2167631837238,10.822037882589266
333.33333333333337,9.650434919924777,1.3787836337700572,23.246292065362937,10.822037882589266
333.83383383383386,9.653253509187694,1.38053299794266,23.27578634531302,10.822037882589266
334.33433433433436,9.656065451646738,1.3822803131914272,23.305246080407237,10.822037882589266
334.83483483483485,9.658870771009376,1.3840255828831276,23.334671327409303,10.822037882589266
335.33533533533534,9.661669490869802,1.3857688103803805,23.364062143012987,10.822037882589266
335.83583583583584,9.664461634709625,1.3875099990416304,23.39341858384166,10.822037882589266
336.3363363363364,9.667247225898539,1.3892491522211217,23.422740706447883,10.822037882589266
336.8368368368369,9.670026287694988,1.390986273268873,23.45202856731297,10.822037882589266
337.3373373373374,9.67279884324684,1.392721365530652,23.481282222846566,10.822037882589266
337.83783783783787,9.675564915592036,1.3944544323479524,23.51050172938625,10.822037882589266
338.33833833833836,9.678324527659251,1.396185477057966,23.539687143197078,10.822037882589266
338.83883883883885,9.681077702268539,1.3979145029935662,23.568838520471296,10.822037882589266
339.33933933933935,9.683824462131982,1.3996415134832778,23.597955917327834,10.822037882589266
339.8398398398399,9.686564829854328,1.4013665118512586,23.62703938981199,10.822037882589266
340.3403403403404,9.689298827933632,1.4030895014172746,23.65608899389502,10.822037882589266
340.8408408408409,9.692026478761877,1.404810485496682,23.68510478547383,10.822037882589266
341.3413413413414,9.694747804625614,1.4065294674004012,23.714086820370532,10.822037882589266
341.84184184184187,9.697462827706573,1.4082464504348995,23.743035154332173,10.822037882589266
342.34234234234236,9.70017157008229,1.4099614379021699,23.771949843030352,10.822037882589266
342.84284284284286,9.702874053726717,1.4116744330997075,23.800830942060838,10.822037882589266
343.34334334334335,9.705570300510823,1.4133854393204968,23.829678506943342,10.822037882589266
343.8438438438439,9.708260332203219,1.4150944598529838,23.858492593121074,10.822037882589266
344.3443443443444,9.710944170470741,1.416801497981065,23.887273255960523,10.822037882589266
344.8448448448449,9.71362183687905,1.4185065569840631,23.91602055075107,10.822037882589266
345.3453453453454,9.71629335289323,1.4202096401367117,23.944734532704725,10.822037882589266
345.8458458458459,9.718958739878373,1.4219107507091375,23.973415256955825,10.822037882589266
346.34634634634637,9.721618019100163,1.4236098919668414,24.002062778560713,10.822037882589266
346.84684684684686,9.724271211725455,1.425307067170682,24.030677152497464,10.822037882589266
347.34734734734735,9.726918338822852,1.427002279576861,24.059258433665644,10.822037882589266
347.8478478478479,9.729559421363273,1.4286955324369026,24.087806676885943,10.822037882589266
348.3483483483484,9.732194480220532,1.430386828997641,24.11632193689999,10.822037882589266
348.8488488488489,9.734823536171886,1.4320761725012043,24.14480426837007,10.822037882589266
349.3493493493494,9.737446609898608,1.433763566184997,24.173253725878816,10.822037882589266
349.8498498498499,9.740063721986536,1.4354490132816886,24.201670363929036,10.822037882589266
350.35035035035037,9.742674892926626,1.4371325170191949,24.23005423694339,10.822037882589266
350.85085085085086,9.745280143115506,1.4388140806206682,24.25840539926423,10.822037882589266
351.35135135135135,9.747879492856008,1.4404937073044786,24.286723905153274,10.822037882589266
351.8518518518519,9.750472962357726,1.4421714002842028,24.315009808791423,10.822037882589266
352.3523523523524,9.753060571737533,1.443847162768612,24.34326316427856,10.822037882589266
352.8528528528529,9.755642341020136,1.445520997961657,24.3714840256333,10.822037882589266
353.3533533533534,9.758218290138585,1.4471929090624547,24.39967244679275,10.822037882589266
353.8538538538539,9.760788438934808,1.4488628992652777,24.427828481612345,10.822037882589266
354.35435435435437,9.76335280716014,1.4505309717595432,24.45595218386566,10.822037882589266
354.85485485485486,9.765911414475834,1.4521971297297958,24.484043607244118,10.822037882589266
355.3553553553554,9.768464280453568,1.4538613763557025,24.512102805356903,10.822037882589266
355.8558558558559,9.771011424575976,1.4555237148120372,24.54012983173071,10.822037882589266
356.3563563563564,9.77355286623714,1.4571841482686716,24.568124739809566,10.822037882589266
356.8568568568569,9.776088624743101,1.4588426798905634,24.59608758295466,10.822037882589266
357.3573573573574,9.77861871931236,1.4604993128377464,24.624018414444166,10.822037882589266
357.8578578578579,9.781143169076376,1.4621540502653219,24.651917287473086,10.822037882589266
358.3583583583584,9.783661993080054,1.4638068953234449,24.67978425515304,10.822037882589266
358.85885885885887,9.786175210282245,1.46545785115732,24.707619370512173,10.822037882589266
359.3593593593594,9.788682839556229,1.4671069209071885,24.735422686494957,10.822037882589266
359.8598598598599,9.791184899690201,1.4687541077083175,24.76319425596199,10.822037882589266
360.3603603603604,9.793681409387744,1.4703994146909962,24.790934131689955,10.822037882589266
360.8608608608609,9.796172387268323,1.472042844980524,24.818642366371396,10.822037882589266
361.3613613613614,9.79865785186774,1.4736844016972033,24.846319012614604,10.822037882589266
361.8618618618619,9.801137821638621,1.4753240879563296,24.873964122943477,10.822037882589266
362.3623623623624,9.803612314950877,1.4769619068681885,24.901577749797415,10.822037882589266
362.86286286286287,9.806081350092164,1.478597861538041,24.92915994553113,10.822037882589266
363.3633633633634,9.808544945268357,1.4802319550661223,24.956710762414577,10.822037882589266
363.8638638638639,9.811003118603999,1.481864190547633,24.98423025263285,10.822037882589266
364.3643643643644,9.81345588814276,1.4834945710727294,25.011718468285974,10.822037882589266
364.8648648648649,9.815903271847885,1.4851230997265221,25.03917546138892,10.822037882589266
365.3653653653654,9.818345287602652,1.486749779589064,25.066601283871375,10.822037882589266
365.8658658658659,9.820781953210812,1.4883746137353489,25.09399598757774,10.822037882589266
366.3663663663664,9.823213286397028,1.489997605235303,25.121359624266965,10.822037882589266
366.86686686686687,9.825639304807332,1.4916187571537776,25.148692245612445,10.822037882589266
367.3673673673674,9.82806002600954,1.4932380725505494,25.17599390320202,10.822037882589266
367.8678678678679,9.830475467493708,1.494855554480308,25.203264648537747,10.822037882589266
368.3683683683684,9.832885646672542,1.496471205992657,25.23050453303595,10.822037882589266
368.8688688688689,9.835290580881852,1.4980850301321025,25.257713608027004,10.822037882589266
369.3693693693694,9.837690287380951,1.499697029938056,25.284891924755378,10.822037882589266
369.8698698698699,9.8400847833531,1.501307208444826,25.31203953437952,10.822037882589266
370.3703703703704,9.842474085905916,1.5029155686816102,25.339156487971703,10.822037882589266
370.87087087087093,9.844858212071793,1.504522113672499,25.366242836518087,10.822037882589266
371.3713713713714,9.847237178808317,1.5061268464364659,25.39329863091857,10.822037882589266
371.8718718718719,9.849611002998675,1.507729769987364,25.42032392198671,10.822037882589266
372.3723723723724,9.851979701452068,1.5093308873339275,25.44731876044977,10.822037882589266
372.8728728728729,9.854343290904117,1.5109302014797619,25.474283196948537,10.822037882589266
373.3733733733734,9.856701788017267,1.5125277154233445,25.50121728203734,10.822037882589266
373.8738738738739,9.85905520938118,1.514123432158022,25.528121066184003,10.822037882589266
374.3743743743744,9.861403571513147,1.5157173546720044,25.554994599769746,10.822037882589266
374.87487487487493,9.863746890858476,1.5173094859483656,25.581837933089194,10.822037882589266
375.3753753753754,9.866085183790885,1.5188998289650397,25.60865111635032,10.822037882589266
375.8758758758759,9.868418466612889,1.5204883866948176,25.635434199674375,10.822037882589266
376.3763763763764,9.870746755556205,1.522075162105347,25.6621872330959,10.822037882589266
376.8768768768769,9.873070066782114,1.5236601581591298,25.68891026656268,10.822037882589266
377.3773773773774,9.875388416381865,1.5252433778135184,25.71560334993567,10.822037882589266
377.8778778778779,9.87770182037704,1.5268248240207178,25.742266532989053,10.822037882589266
378.3783783783784,9.880010294719936,1.5284044997277788,25.7688998654101,10.822037882589266
378.87887887887894,9.882313855293953,1.5299824078766038,25.79550339679929,10.822037882589266
379.37937937937943,9.884612517913947,1.531558551403939,25.82207717667016,10.822037882589266
379.8798798798799,9.886906298326616,1.5331329332413763,25.848621254449352,10.822037882589266
380.3803803803804,9.889195212210863,1.5347055563153527,25.875135679476593,10.822037882589266
380.8808808808809,9.891479275178154,1.5362764235471504,25.901620501004704,10.822037882589266
381.3813813813814,9.893758502772902,1.537845537852892,25.928075768199506,10.822037882589266
381.8818818818819,9.896032910472805,1.539412902143546,25.954501530139936,10.822037882589266
382.3823823823824,9.89830251368922,1.5409785193249226,25.98089783581794,10.822037882589266
382.88288288288294,9.900567327767515,1.5425423922976744,26.007264734138538,10.822037882589266
383.38338338338343,9.902827367987419,1.5441045239572964,26.03360227391976,10.822037882589266
383.8838838838839,9.905082649563383,1.5456649171941264,26.059910503892716,10.822037882589266
384.3843843843844,9.907333187644923,1.5472235748933467,26.086189472701573,10.822037882589266
384.8848848848849,9.909578997316967,1.548780499934981,26.112439228903526,10.822037882589266
385.3853853853854,9.911820093600202,1.5503356951938982,26.13865982096887,10.822037882589266
385.8858858858859,9.91405649145142,1.5518891635398124,26.164851297280983,10.822037882589266
386.38638638638645,9.916288205763854,1.553440907837281,26.191013706136303,10.822037882589266
386.88688688688694,9.918515251367518,1.554990930945712,26.217147095744448,10.822037882589266
387.38738738738743,9.920737643029543,1.556539235719356,26.243251514228085,10.822037882589266
387.8878878878879,9.922955395454514,1.5580858250073153,26.26932700962308,10.822037882589266
388.3883883883884,9.925168523284796,1.5596307016535422,26.295373629878465,10.822037882589266
388.8888888888889,9.927377041100875,1.561173868496839,26.32139142285645,10.822037882589266
389.3893893893894,9.929580963421671,1.5627153283708635,26.3473804363325,10.822037882589266
389.8898898898899,9.931780304704878,1.5642550841041256,26.3733407179953,10.822037882589266
390.39039039039045,9.933975079347277,1.5657931385199915,26.3992723154468,10.822037882589266
390.89089089089094,9.936165301685064,1.567329494436688,26.425175276202303,10.822037882589266
391.39139139139144,9.938350985994166,1.568864154667301,26.45104964769044,10.822037882589266
391.89189189189193,9.940532146490561,1.570397122019779,26.476895477253215,10.822037882589266
392.3923923923924,9.942708797330596,1.5719283992969335,26.50271281214604,10.822037882589266
392.8928928928929,9.944880952611289,1.5734579892964466,26.52850169953783,10.822037882589266
393.3933933933934,9.947048626370659,1.5749858948108666,26.554262186510954,10.822037882589266
393.8938938938939,9.949211832588018,1.5765121186276145,26.579994320061324,10.822037882589266
394.39439439439445,9.951370585184288,1.578036663528987,26.60569814709846,10.822037882589266
394.89489489489495,9.953524898022309,1.5795595322921563,26.631373714445495,10.822037882589266
395.39539539539544,9.955674784907131,1.5810807276891758,26.657021068839246,10.822037882589266
395.89589589589593,9.957820259586331,1.5826002524869822,26.68264025693026,10.822037882589266
396.3963963963964,9.9599613357503,1.5841181094473975,26.708231325282863,10.822037882589266
396.8968968968969,9.962098027032551,1.5856343013271341,26.73379432037522,10.822037882589266
397.3973973973974,9.96423034701001,1.5871488308777955,26.75932928859937,10.822037882589266
397.8978978978979,9.966358309203308,1.5886617008458805,26.784836276261284,10.822037882589266
398.39839839839846,9.968481927077079,1.5901729139727896,26.810315329580973,10.822037882589266
398.89889889889895,9.970601214040252,1.5916824729948231,26.835766494692457,10.822037882589266
399.39939939939944,9.97271618344633,1.5931903806431897,26.86118981764392,10.822037882589266
399.89989989989994,9.97482684859369,1.594696639644005,26.886585344397663,10.822037882589266
400.40040040040043,9.976933222725854,1.5962012527183027,26.911953120830322,10.822037882589266
400.9009009009009,9.97903531903179,1.5977042225820297,26.93729319273276,10.822037882589266
401.4014014014014,9.981133150646182,1.5992055519460566,26.962605605810253,10.822037882589266
401.90190190190197,9.983226730649701,1.6007052435161786,26.98789040568251,10.822037882589266
402.40240240240246,9.98531607206931,1.6022032999931197,27.013147637883737,10.822037882589266
402.90290290290295,9.987401187878518,1.6036997240725392,27.03837734786275,10.822037882589266
403.40340340340344,9.98948209099766,1.605194518445033,27.063579580982992,10.822037882589266
403.90390390390394,9.991558794294175,1.6066876857961392,27.088754382522644,10.822037882589266
404.40440440440443,9.993631310582877,1.6081792288063421,27.113901797674664,10.822037882589266
404.9049049049049,9.995699652626216,1.6096691501510787,27.139021871546923,10.822037882589266
405.4054054054054,9.997763833134558,1.6111574525007388,27.164114649162194,10.822037882589266
405.90590590590597,9.999823864766444,1.6126441385206753,27.189180175458322,10.822037882589266
406.40640640640646,10.001879760128858,1.6141292108712038,27.21421849528823,10.822037882589266
406.90690690690695,10.003931531777486,1.61561267220761,27.23922965342004,10.822037882589266
407.40740740740745,10.005979192216984,1.6170945251801543,27.264213694537137,10.822037882589266
407.90790790790794,10.008022753901233,1.6185747724340764,27.289170663238263,10.822037882589266
408.40840840840843,10.010062229233597,1.6200534166096006,27.3141006040376,10.822037882589266
408.9089089089089,10.012097630567188,1.6215304603419392,27.339003561364827,10.822037882589266
409.4094094094094,10.01412897020511,1.6230059062612994,27.363879579565243,10.822037882589266
409.90990990990997,10.016156260400717,1.624479756992889,27.388728702899844,10.822037882589266
410.41041041041046,10.018179513357872,1.6259520151569193,27.413550975545395,10.822037882589266
410.91091091091096,10.020198741231182,1.627422683368612,27.438346441594533,10.822037882589266
411.41141141141145,10.022213956126269,1.6288917642382028,27.46311514505583,10.822037882589266
411.91191191191194,10.024225170099994,1.6303592603709514,27.48785712985397,10.822037882589266
412.41241241241244,10.026232395160719,1.6318251743671401,27.512572439829714,10.822037882589266
412.91291291291293,10.028235643268548,1.6332895088220851,27.537261118740087,10.822037882589266
413.4134134134134,10.030234926335567,1.6347522663261396,27.561923210258445,10.822037882589266
413.913913913914,10.032230256226088,1.6362134494646987,27.58655875797455,10.822037882589266
414.41441441441447,10.034221644756887,1.6376730608182073,27.611167805394707,10.822037882589266
414.91491491491496,10.036209103697447,1.639131102962164,27.635750395941816,10.822037882589266
415.41541541541545,10.038192644770193,1.6405875784671262,27.66030657295548,10.822037882589266
415.91591591591595,10.040172279650728,1.64204248989872,27.68483637969215,10.822037882589266
416.41641641641644,10.04214801996806,1.6434958398176422,27.70933985932518,10.822037882589266
416.91691691691693,10.04411987730485,1.6449476307796664,27.733817054944907,10.822037882589266
417.4174174174175,10.046087863197632,1.646397865335651,27.758268009558805,10.822037882589266
417.917917917918,10.048051989137047,1.6478465460315437,27.782692766091557,10.822037882589266
418.41841841841847,10.050012266568073,1.6492936754083884,27.80709136738516,10.822037882589266
418.91891891891896,10.051968706890246,1.6507392560023313,27.831463856199036,10.822037882589266
419.41941941941946,10.0539213214579,1.6521832903446267,27.855810275210136,10.822037882589266
419.91991991991995,10.055870121580373,1.6536257809616433,27.880130667013034,10.822037882589266
420.42042042042044,10.057815118522246,1.6550667303748703,27.90442507412004,10.822037882589266
420.92092092092093,10.059756323503558,1.6565061411009248,27.92869353896132,10.822037882589266
421.4214214214215,10.06169374770003,1.6579440156515566,27.952936103884973,10.822037882589266
421.921921921922,10.063627402243275,1.6593803565336553,27.977152811157158,10.822037882589266
422.42242242242247,10.065557298221036,1.660815166249258,28.00134370296222,10.822037882589266
422.92292292292296,10.067483446677377,1.6622484472955534,28.02550882140276,10.822037882589266
423.42342342342346,10.06940585861292,1.6636802021648898,28.049648208499768,10.822037882589266
423.92392392392395,10.07132454498505,1.665110433344781,28.073761906192736,10.822037882589266
424.42442442442444,10.073239516708128,1.6665391433179149,28.097849956339772,10.822037882589266
424.92492492492494,10.075150784653705,1.6679663345621576,28.121912400717704,10.822037882589266
425.4254254254255,10.077058359650726,1.6693920095505606,28.145949281022176,10.822037882589266
425.925925925926,10.078962252485754,1.6708161707513685,28.1699606388678,10.822037882589266
426.4264264264265,10.08086247390316,1.6722388206280263,28.193946515788248,10.822037882589266
426.92692692692697,10.082759034605344,1.6736599616391827,28.217906953236348,10.822037882589266
427.42742742742746,10.084651945252931,1.675079596238701,28.241841992584224,10.822037882589266
427.92792792792795,10.08654121646498,1.6764977268756656,28.265751675123447,10.822037882589266
428.42842842842845,10.088426858819188,1.677914355994385,28.289636042065055,10.822037882589266
428.92892892892894,10.090308882852089,1.679329486034403,28.31349513453976,10.822037882589266
429.4294294294295,10.092187299059255,1.6807431194305038,28.337328993598017,10.822037882589266
429.92992992993,10.094062117895499,1.68215525861272,28.361137660210183,10.822037882589266
430.4304304304305,10.095933349775066,1.6835659060063366,28.38492117526656,10.822037882589266
430.93093093093097,10.097801005071844,1.6849750640319034,28.408679579577615,10.822037882589266
431.43143143143146,10.099665094119539,1.686382735105237,28.432412913874018,10.822037882589266
431.93193193193196,10.101525627211895,1.6877889216374304,28.4561212188068,10.822037882589266
432.43243243243245,10.103382614602868,1.6891936260348595,28.479804534947455,10.822037882589266
432.932932932933,10.105236066506826,1.6905968506991926,28.50346290278811,10.822037882589266
433.4334334334335,10.107085993098739,1.691998598027392,28.52709636274155,10.822037882589266
433.933933933934,10.108932404514373,1.6933988704117267,28.550704955141434,10.822037882589266
434.4344344344345,10.110775310850483,1.6947976702397787,28.57428872024239,10.822037882589266
434.934934934935,10.112614722164981,1.6961949998944472,28.5978476982201,10.822037882589266
435.43543543543547,10.11445064847715,1.6975908617539583,28.62138192917146,10.822037882589266
435.93593593593596,10.116283099767813,1.6989852581918738,28.644891453114713,10.822037882589266
436.43643643643645,10.11811208597952,1.7003781915770948,28.66837630998954,10.822037882589266
436.936936936937,10.11993761701674,1.7017696642738727,28.691836539657213,10.822037882589266
437.4374374374375,10.121759702746033,1.7031596786418126,28.71527218190068,10.822037882589266
437.937937937938,10.123578352996239,1.7045482370358869,28.738683276424773,10.822037882589266
438.4384384384385,10.125393577558656,1.705935341806434,28.762069862856197,10.822037882589266
438.938938938939,10.127205386187226,1.7073209952991757,28.785431980743823,10.822037882589266
439.43943943943947,10.129013788598698,1.7087051998552154,28.80876966955865,10.822037882589266
439.93993993993996,10.130818794472825,1.7100879578110528,28.83208296869407,10.822037882589266
440.44044044044045,10.132620413452527,1.7114692714985886,28.855371917465924,10.822037882589266
440.940940940941,10.134418655144067,1.7128491432451298,28.878636555112607,10.822037882589266
441.4414414414415,10.136213529117242,1.7142275753734009,28.901876920795257,10.822037882589266
441.941941941942,10.138005044905535,1.7156045702015505,28.925093053597863,10.822037882589266
442.4424424424425,10.139793212006294,1.7169801300431569,28.94828499252734,10.822037882589266
442.942942942943,10.141578039880915,1.71835425720724,28.971452776513786,10.822037882589266
443.44344344344347,10.143359537954998,1.7197269539982638,28.994596444410444,10.822037882589266
443.94394394394396,10.145137715618526,1.7210982227161464,29.017716034993946,10.822037882589266
444.44444444444446,10.146912582226031,1.7224680656562699,29.040811586964427,10.822037882589266
444.944944944945,10.148684147096759,1.7238364851094845,29.063883138945627,10.822037882589266
445.4454454454455,10.150452419514837,1.7252034833621186,29.086930729485037,10.822037882589266
445.945945945946,10.152217408729447,1.7265690626959842,29.10995439705401,10.822037882589266
446.4464464464465,10.15397912395498,1.7279332253883875,29.13295418004793,10.822037882589266
446.946946946947,10.155737574371207,1.7292959737121352,29.155930116786315,10.822037882589266
447.4474474474475,10.157492769123436,1.73065730993554,29.17888224551292,10.822037882589266
447.94794794794797,10.159244717322684,1.7320172363224353,29.201810604395977,10.822037882589266
448.4484484484485,10.16099342804583,1.7333757551321736,29.22471523152816,10.822037882589266
448.948948948949,10.162738910335772,1.7347328686196415,29.247596164926872,10.822037882589266
449.4494494494495,10.1644811732016,1.736088579035265,29.270453442534283,10.822037882589266
449.94994994995,10.166220225618739,1.737442888625017,29.2932871022175,10.822037882589266
450.4504504504505,10.16795607652912,1.738795799630426,29.316097181768697,10.822037882589266
450.950950950951,10.169688734841326,1.7401473142885826,29.33888371890522,10.822037882589266
451.4514514514515,10.171418209430755,1.7414974348321495,29.361646751269756,10.822037882589266
451.95195195195197,10.17314450913977,1.7428461634893684,29.384386316430465,10.822037882589266
452.4524524524525,10.174867642777855,1.7441935024840662,29.40710245188107,10.822037882589266
452.952952952953,10.176587619121776,1.7455394540356661,29.429795195041045,10.822037882589266
453.4534534534535,10.178304446915716,1.7468840203591918,29.452464583255686,10.822037882589266
453.953953953954,10.180018134871442,1.7482272036652797,29.475110653796328,10.822037882589266
454.4544544544545,10.181728691668447,1.7495690061601832,29.4977334438604,10.822037882589266
454.954954954955,10.183436125954106,1.750909430045782,29.520332990571596,10.822037882589266
455.4554554554555,10.185140446343821,1.752248477519589,29.542909330979985,10.822037882589266
455.955955955956,10.186841661421168,1.753586150774763,29.565462502062218,10.822037882589266
456.4564564564565,10.188539779738047,1.7549224520001085,29.587992540721544,10.822037882589266
456.956956956957,10.190234809814834,1.7562573833800905,29.61049948378804,10.822037882589266
457.4574574574575,10.19192676014051,1.7575909470948397,29.63298336801871,10.822037882589266
457.957957957958,10.19361563917282,1.7589231453201608,29.655444230097622,10.822037882589266
458.4584584584585,10.19530145533842,1.7602539802275403,29.67788210663604,10.822037882589266
458.958958958959,10.196984217033007,1.761583453984155,29.700297034172564,10.822037882589266
459.4594594594595,10.19866393262147,1.7629115687528805,29.722689049173276,10.822037882589266
459.95995995996,10.20034061043803,1.7642383266922965,29.74505818803183,10.822037882589266
460.4604604604605,10.202014258786381,1.765563729956697,29.767404487069623,10.822037882589266
460.960960960961,10.203684885939827,1.7668877806961014,29.78972798253598,10.822037882589266
461.4614614614615,10.205352500141432,1.768210481056254,29.812028710608153,10.822037882589266
461.961961961962,10.207017109604141,1.7695318331786412,29.8343067073916,10.822037882589266
462.4624624624625,10.208678722510939,1.7708518392004935,29.85656200892003,10.822037882589266
462.962962962963,10.210337347014963,1.7721705012547968,29.878794651155584,10.822037882589266
463.4634634634635,10.211992991239665,1.773487821470298,29.901004669988936,10.822037882589266
463.963963963964,10.213645663278928,1.7748038019715153,29.923192101239458,10.822037882589266
464.4644644644645,10.215295371197207,1.7761184448787448,29.945356980655347,10.822037882589266
464.964964964965,10.216942123029668,1.777431752308067,29.967499343913715,10.822037882589266
465.4654654654655,10.218585926782312,1.7787437263713595,29.989619226620828,10.822037882589266
465.965965965966,10.220226790432116,1.7800543691763016,30.011716664312154,10.822037882589266
466.4664664664665,10.22186472192716,1.7813636828263817,30.033791692452503,10.822037882589266
466.966966966967,10.22349972918676,1.7826716694209082,30.05584434643622,10.822037882589266
467.4674674674675,10.225131820101597,1.7839783310550148,30.077874661587256,10.822037882589266
467.96796796796804,10.22676100253385,1.785283669819671,30.09988267315936,10.822037882589266
468.46846846846853,10.22838728431732,1.786587687801688,30.121868416336167,10.822037882589266
468.968968968969,10.230010673257565,1.7878903870837286,30.14383192623137,10.822037882589266
469.4694694694695,10.23163117713202,1.7891917697443125,30.165773237888814,10.822037882589266
469.96996996997,10.23324880369013,1.790491837857827,30.18769238628267,10.822037882589266
470.4704704704705,10.234863560653471,1.7917905934945362,30.209589406317587,10.822037882589266
470.970970970971,10.236475455715885,1.7930880387205848,30.231464332828764,10.822037882589266
471.4714714714715,10.23808449654359,1.7943841755980088,30.253317200582135,10.822037882589266
471.97197197197204,10.239690690775321,1.7956790061847445,30.2751480442745,10.822037882589266
472.47247247247253,10.241294046022439,1.7969725325346322,30.296956898533605,10.822037882589266
472.972972972973,10.242894569869062,1.7982647566974321,30.318743797918412,10.822037882589266
473.4734734734735,10.24449226987219,1.7995556807188238,30.340508776919073,10.822037882589266
473.973973973974,10.24608715356181,1.8008453066404178,30.36225186995715,10.822037882589266
474.4744744744745,10.247679228441042,1.8021336364997662,30.383973111385764,10.822037882589266
474.974974974975,10.249268501986242,1.8034206723303676,30.405672535489703,10.822037882589266
475.4754754754755,10.250854981647118,1.804706416161676,30.42735017648556,10.822037882589266
475.97597597597604,10.252438674846868,1.8059908700191072,30.44900606852185,10.822037882589266
476.47647647647653,10.254019588982278,1.8072740359240493,30.470640245679174,10.822037882589266
476.976976976977,10.255597731423855,1.8085559158938729,30.4922527419704,10.822037882589266
477.4774774774775,10.257173109515932,1.8098365119419288,30.513843591340624,10.822037882589266
477.977977977978,10.258745730576797,1.8111158260775717,30.53541282766756,10.822037882589266
478.4784784784785,10.260315601898794,1.8123938603061545,30.55696048476147,10.822037882589266
478.978978978979,10.26188273074845,1.8136706166290433,30.578486596365373,10.822037882589266
479.4794794794795,10.263447124366586,1.8149460970436222,30.599991196155173,10.822037882589266
479.97997997998004,10.265008789968434,1.816220303543306,30.621474317739843,10.822037882589266
480.48048048048054,10.266567734743736,1.8174932381175426,30.64293599466147,10.822037882589266
480.98098098098103,10.268123965856882,1.8187649027518225,30.66437626039543,10.822037882589266
481.4814814814815,10.269677490446993,1.8200352994276923,30.685795148350593,10.822037882589266
481.981981981982,10.271228315628061,1.8213044301227517,30.707192691869295,10.822037882589266
482.4824824824825,10.27277644848904,1.8225722968106752,30.728568924227684,10.822037882589266
482.982982982983,10.27432189609396,1.8238389014612078,30.749923878635663,10.822037882589266
483.48348348348355,10.275864665482045,1.8251042460401783,30.771257588237106,10.822037882589266
483.98398398398405,10.277404763667814,1.8263683325095086,30.792570086110015,10.822037882589266
484.48448448448454,10.278942197641193,1.8276311628272195,30.81386140526662,10.822037882589266
484.98498498498503,10.280476974367621,1.8288927389474416,30.835131578653566,10.822037882589266
485.4854854854855,10.282009100788162,1.830153062820416,30.85638063915191,10.822037882589266
485.985985985986,10.283538583819608,1.8314121363925102,30.877608619577423,10.822037882589266
486.4864864864865,10.285065430354582,1.8326699616062248,30.89881555268065,10.822037882589266
486.986986986987,10.286589647261652,1.8339265404001959,30.920001471147003,10.822037882589266
487.48748748748756,10.288111241385431,1.8351818747092086,30.941166407596956,10.822037882589266
487.98798798798805,10.289630219546686,1.8364359664642036,30.962310394586172,10.822037882589266
488.48848848848854,10.291146588542434,1.8376888175922832,30.983433464605593,10.822037882589266
488.98898898898904,10.292660355146053,1.8389404300167222,31.004535650081635,10.822037882589266
489.48948948948953,10.294171526107384,1.8401908056569736,31.025616983376274,10.822037882589266
489.98998998999,10.29568010815283,1.8414399464286777,31.046677496787204,10.822037882589266
490.4904904904905,10.297186107985459,1.842687854243668,31.06771722254794,10.822037882589266
490.990990990991,10.298689532285112,1.8439345310099835,31.08873619282802,10.822037882589266
491.49149149149156,10.300190387708493,1.8451799786318697,31.10973443973302,10.822037882589266
491.99199199199205,10.301688680889276,1.8464241990097936,31.130711995304818,10.822037882589266
492.49249249249254,10.303184418438207,1.8476671940404474,31.15166889152164,10.822037882589266
492.99299299299304,10.304677606943194,1.848908965616758,31.17260516029824,10.822037882589266
493.49349349349353,10.30616825296942,1.8501495156278918,31.19352083348595,10.822037882589266
493.993993993994,10.307656363059424,1.8513888459592691,31.214415942872975,10.822037882589266
494.4944944944945,10.309141943733213,1.8526269584925639,31.23529052018432,10.822037882589266
494.994994994995,10.310625001488358,1.8538638551057185,31.25614459708211,10.822037882589266
495.49549549549556,10.312105542800078,1.855099537672946,31.276978205165566,10.822037882589266
495.99599599599605,10.313583574121349,1.856334008064743,31.29779137597126,10.822037882589266
496.49649649649655,10.315059101883003,1.8575672681478936,31.318584140973183,10.822037882589266
496.99699699699704,10.316532132493807,1.8587993197854789,31.33935653158287,10.822037882589266
497.49749749749753,10.318002672340569,1.8600301648368835,31.36010857914955,10.822037882589266
497.997997997998,10.319470727788232,1.8612598051578066,31.380840314960317,10.822037882589266
498.4984984984985,10.320936305179972,1.8624882426002645,31.401551770240154,10.822037882589266
498.99899899899907,10.32239941083727,1.8637154790126047,31.42224297615221,10.822037882589266
499.49949949949956,10.323860051060041,1.8649415162395069,31.442913963797782,10.822037882589266
500.0,10.325318232126683,1.8661663561219963,31.463564764216553,10.822037882589266
