ORIG_FID,repose_angle,vol_est,vol_ste
0,25,3158.13159992579,715.538711749933
1,25,12131.0869715954,1410.67141172496
2,25,3768.47180695917,916.943049207962
3,25,3867.88250597189,1060.97986160392
4,25,2095.4871012932,519.32153511094
5,25,3019.48583017716,737.666691861299
6,25,1930.13361411152,512.150073970076
7,25,5171.65054736969,1014.95351228223
8,25,7496.75211160215,1238.65967897927
9,25,13537.126576678,1721.47039704629
10,25,7314.26558338165,1414.00800771117
11,25,8479.99350822365,1455.15201194068
12,25,772.715473779708,233.704862520793
13,25,1237.4906131854,332.398705729915
14,25,5697.61011218217,1204.71150750507
15,25,18009.9040573666,2116.1458413136
16,25,17625.4059690013,2778.94557254217
17,25,12453.2781338922,1906.17076084306
18,25,14262.8837484716,1725.60537033477
19,25,4277.15689211633,1012.73997051072
20,25,7255.25054301874,1339.24526204253
21,25,4317.15272544925,1045.85011837618
22,25,8047.773166055,1740.46079647017
23,25,12494.8433424039,2122.63934763255
24,25,3101.01904136985,771.530860615156
25,25,4243.26111446355,1083.00717988652
26,25,5933.49599275103,1232.13839594364
27,25,961.004333843325,242.948019925428
28,25,6765.95472397325,1379.87249818252
29,25,6346.91282607552,1305.69115889565
30,25,24423.6384556874,3327.21894754023
31,25,35491.9563296566,3342.67371170238
32,25,13801.0380135376,1617.44064908496
33,25,8911.79975673519,1692.27507057992
34,25,3562.96980365648,945.725255132292
35,25,8945.66889247571,1279.05702792018
36,25,11932.7782504146,915.333383437761
37,25,21431.0152313169,1835.37162433321
38,25,747.912544589024,209.291970635961
39,25,4557.13233448921,743.006673661785
40,25,6884.1647422255,1061.59389272522
41,25,10534.4454931017,1085.12494445538
42,25,9094.55022839671,1221.07432970985
43,25,13725.6998528474,1616.27089730416
44,25,8776.68864576088,1131.42374332028
45,25,11245.3749053463,1435.94983811424
46,25,13862.4561575976,1851.23376324984
47,25,21615.9904419955,2386.56609753865
48,25,22880.8579800286,3353.78362096926
49,25,9290.61977921169,1289.24869805188
50,25,32932.4325038429,2934.2768800564
51,25,5981.40508075611,995.311253714677
52,25,18476.9676196879,2484.62812052383
53,25,2818.81160675034,750.213419604039
54,25,5453.91021009798,717.489359992835
55,25,4334.25075418568,1048.69190394717
56,25,16750.9793864953,1889.58031813881
57,25,4596.95103182984,896.318804011372
58,25,10253.9711973049,1885.80601219911
59,25,8765.851174512,1774.70715159061
60,25,12576.2690377819,1590.51609954431
61,25,12682.3670700682,1766.23868768119
62,25,16398.9641347009,2155.56913476855
63,25,26849.2450319578,3106.97533701349
64,25,14460.8275972553,2114.84611609108
65,25,10550.8964019487,1744.75944687329
66,25,7035.35875764163,1322.52905806084
67,25,43681.8984174063,4498.53526827151
68,25,15291.0973774063,1460.31532305333
69,25,12823.4891560541,1398.47612410604
70,25,4160.99522362723,987.316111295451
71,25,3740.67706709382,846.288358154718
72,25,12508.6460653751,1564.56103882295
73,25,43019.1558450764,4264.56937271384
74,25,41504.2456804064,4525.94178503964
75,25,60180.0641865853,5886.61069351622
76,25,5567.8509756513,1194.23069277978
77,25,6098.96919036346,1378.34168401048
78,25,53754.7604965503,6216.83184697373
79,25,1159.92445121773,328.818911202804
80,25,69543.5435472382,5000.23145981439
81,25,15606.7032327262,2062.33676496708
82,25,3172.26472456647,695.713252671927
83,25,2679.90526042282,692.464718327403
84,25,3088.44396906234,691.759521749961
85,25,4147.16855632707,1017.29121247356
86,25,2647.79214286845,606.777500107383
87,25,1520.92871298076,421.224303774324
88,25,1388.48756957303,377.668584528183
89,25,5766.31132954701,1106.48614730004
90,25,2635.95317504242,681.859995610856
91,25,647.365695517881,154.584508869408
92,25,66.1967936164274,6.08094513030124
93,25,74.5212294313841,8.24767377820437
94,25,85.0101174158518,10.555918471903
95,25,166.346733473757,27.9061061783211
96,25,38.825100439371,3.18342853219003
97,25,19.5631572313494,0.733299974647559
98,25,81.1884916276392,9.01356847576985
99,25,85.8326864572298,10.622596211978
100,25,8130.46381349556,1030.68789595211
101,25,2848.31986510525,797.910017471537
102,25,8629.13980555332,1351.66579959378
103,25,3318.40745675318,804.110015038563
104,25,3095.48873192084,798.473326373478
105,25,2646.12311440873,675.006817788587
106,25,3760.68289831742,947.180983373304
107,25,2858.66509688975,777.693764855038
108,25,3896.84640537541,834.542526187907
109,25,2189.31374671376,572.705245387264
110,25,3696.74525105255,817.434961955105
111,25,2170.35513299544,479.139188694206
112,25,2792.53574055084,673.293204987815
113,25,7424.7718053006,1461.26852066426
114,25,1560.95544605805,405.050941922523
115,25,457.529399806154,115.296250265495
116,25,1117.15703287392,312.108021120059
117,25,177.711976249943,22.2835584609703
118,25,124.188803281678,9.35684397175812
119,25,262.151698024877,35.5454889492138
120,25,431.181377100795,72.7546597883988
121,25,220.619283255474,43.7786757183163
122,25,330.4106397577,52.1873965592498
123,25,1658.0804131978,424.629767543359
124,25,1797.98255253321,436.603926849467
125,25,1596.21862146292,477.056160524765
126,25,2762.85998081295,652.627495146786
127,25,239.34422555839,32.4884288025376
128,25,8221.53790903509,783.200303285873
129,25,240.695447762994,50.9128004321228
130,25,193.05391640568,31.6910149962791
131,25,254.163356388588,40.9104197296157
132,25,512.975815389146,142.881292486368
133,25,745.736025794383,203.673178925664
134,25,835.690144266453,219.448861103046
135,25,318.410130308537,63.9115460442495
136,25,2153.81569428224,521.558718414283
137,25,1484.71011943993,336.498954186531
138,25,586.248507403658,100.830410157886
139,25,266.137311476313,44.8582524266692
140,25,1734.2586784067,418.668440914726
141,25,1244.08969093867,325.261490315647
142,25,692.801979462619,212.719398698959
143,25,1118.94498285795,260.140232830057
144,25,3446.68758362611,848.880637172633
145,25,7149.94835348241,1623.3932559618
146,25,11298.8273548332,1403.76521009758
147,25,662.421859593524,174.421743735412
148,25,784.062417132497,199.124181179221
149,25,895.135501860624,256.541335923519
150,25,385.451681249548,80.2341793194415
151,25,1150.09618432355,315.717785584631
152,25,1122.68019628885,336.599105498625
153,25,452.829336840224,93.8167999278823
154,25,3147.43940164163,781.845306721511
155,25,1945.81881177106,503.580531802329
156,25,1672.33035575246,417.290605137496
157,25,1366.5946785435,381.016757284524
158,25,1560.91896696372,371.797373181266
159,25,3738.69807502188,1012.72117309937
160,25,3827.91015185004,835.534660322599
161,25,689.194027651261,205.759619296959
162,25,1039.45044315407,318.604363761832
163,25,675.979078530404,159.449674341302
164,25,730.633872196017,161.642178377192
165,25,335.522484029325,49.8200050665947
166,25,1084.50124783523,305.346025577355
167,25,396.460570518697,81.3685705305997
168,25,160.568839543757,16.8639662767023
169,25,270.138936773648,34.0256880472164
170,25,748.433677914669,199.017022512406
171,25,1351.92552032482,395.676454667194
172,25,423.397834304168,73.4465858022206
173,25,1174.62946571693,331.645699951416
174,25,340.197068684548,56.714264694486
175,25,361.994689585786,61.9036319490388
176,25,488.60732702449,97.9048151589573
177,25,753.693719888823,176.380810974798
178,25,491.167643664716,101.470220499545
179,25,555.463470133702,104.117292903318
180,25,1475.95389923892,439.915080241896
181,25,1675.12005168201,406.127115872553
182,25,992.392943581257,310.761034016376
183,25,4749.88526033533,837.823377145112
184,25,539.185461629789,127.34256763278
185,25,2754.83001799928,668.344180796952
186,25,193.598215480888,31.5965116913112
187,25,366.919627299337,85.1571928046756
188,25,323.975008231418,63.9959669983564
189,25,380.647761584007,81.3012190585517
190,25,275.295469070207,52.7384993296776
191,25,576.709173043075,151.391086481101
192,25,1725.18000218639,454.380326711415
193,25,583.814093493731,136.715703182122
194,25,472.186760368776,128.154330834337
195,25,590.686434573071,140.025705421424
196,25,508.109933728223,134.171107891498
197,25,422.05814330127,109.577661103163
198,25,393.901294510105,92.1261318053875
199,25,503.929101335971,141.068866449867
200,25,290.851477641694,54.7361677441303
201,25,230.363498041733,39.8795845741224
202,25,848.763184924958,240.259098172975
203,25,689.715639234143,177.059875490548
204,25,591.053259197161,164.429468545434
205,25,3158.79478256532,827.988687158128
206,25,2918.37232782858,741.776744723705
207,25,1750.39791397161,483.970401790444
208,25,2192.77533026376,564.223992362177
209,25,2074.47145057721,500.391189577071
210,25,1625.79378675504,367.075525072999
211,25,4007.72284451588,959.771103982632
212,25,2723.57691332958,736.748038626179
213,25,3091.09922888973,972.148647857371
214,25,477.005743858447,108.975323787997
215,25,3404.28436382385,707.385453240287
216,25,7844.41808350302,1694.15316357595
217,25,43.0572772492746,3.58309722474802
218,25,45.8488950761225,4.30736735566526
219,25,705.176669685937,175.451658995209
220,25,3143.9454596447,844.469044640754
221,25,316.941506375744,78.6108091807973
222,25,146.118893241416,25.0576685556187
223,25,135.975401043898,16.6866078536819
224,25,242.318855359557,40.7057509521924
225,25,182.008944762461,26.7303807907614
226,25,163.194040134217,26.5975827334795
227,25,62.5456048085942,6.01837109711296
228,25,28.2924083246479,1.29191603984452
229,25,19.7936595504996,0.686830275150542
230,25,79.4317241878559,7.48730168727505
231,25,55.4424515834722,5.45974237762946
232,25,44.6661113407344,3.77710487072849
233,25,73.0055517374241,8.10697716097154
234,25,14.2835618401515,0.357465905693423
235,25,15.9940213098304,0.515408469468477
236,25,14.8909604862173,0.630226617359099
237,25,48.3849802821045,4.33527031019915
238,25,27.3106061352391,1.56682359312445
239,25,117.28906246624,16.6517400560012
240,25,62.8336782405009,6.58735324882566
241,25,19.8851382325342,0.592323975463574
242,25,19.1819930115264,0.667702518964944
243,25,57.0057811165057,4.75281926618574
244,25,180.172650704043,30.6780035284194
245,25,49.2088827707146,5.0517460600413
246,25,35.5268860859344,2.68093225881628
247,25,35.0581891777368,2.35092035148969
248,25,20.8898470583077,0.994525495725546
249,25,76.2063593564495,8.50794036592992
250,25,70.6842288205043,6.79517344136798
251,25,33.0111383529237,2.34876193156062
252,25,84.0708783388517,8.18255176471468
253,25,219.422234339384,32.8840136822746
254,25,158.490455553609,22.5760872979146
255,25,63.650262858002,3.42290822661905
256,25,58.1355467823309,4.04084006301266
257,25,44.7904010424239,3.24593823529894
258,25,47.1041055066803,4.13037203268637
259,25,14.2455730510012,0.342118291796167
260,25,32.3272693506126,2.18748008825391
261,25,16.3603428805278,0.461386154549195
262,25,126.351933958809,17.5701752905853
263,25,74.8842627439951,7.08346162515946
264,25,10.9794991984417,0.160572708279334
265,25,113.680385007462,13.9244809337279
266,25,55.5351614061748,6.16644771825581
267,25,35.7332466578669,2.98730182629757
268,25,22.0268944315321,0.862013368108056
269,25,24.9394766961476,1.10922588642402
270,25,23.6040187104184,1.16956443166486
271,25,105.527933804202,13.9764606117463
272,25,75.9697093799673,8.98517459117338
273,25,35.0042031608486,2.1200250365072
274,25,51.6183901362933,3.76187185968339
275,25,122.239308636933,17.8292376178919
276,25,41.4276206181845,3.61249018468753
277,25,40.4815561404481,2.67983792170368
278,25,20.8670230976003,0.880769154608764
279,25,15.9347148494166,0.425897091802007
280,25,118.441104761118,18.4194999433054
281,25,140.156651964809,23.5085302768841
282,25,185.799661208925,35.4812458654647
283,25,123.584690318684,18.0536324892889
284,25,11090.5216955358,2073.22680924686
285,25,6966.213202532,818.951429091933
286,25,1753.37095176044,385.271019174204
287,25,1197.68430161173,296.930688989759
288,25,1219.54360250304,307.40099571013
289,25,17508.4468114853,2018.80424441583
290,25,3289.8463546285,731.929662117212
291,25,3022.85888764673,612.571118906396
292,25,1239.89623247834,357.585711887431
293,25,625.997928282037,142.690240882106
294,25,408.199372122321,89.6672228800333
295,25,2542.73996935929,668.979573000086
296,25,3119.22654640706,851.292823954078
297,25,7041.69363452225,1496.0112870872
298,25,8721.38506098452,1649.9150097981
299,25,3959.65272237352,939.433539241379
300,25,760.765907870948,211.102144693868
301,25,4209.99730117295,939.104895261403
302,25,3262.04460272326,827.560373982768
303,25,234.67435379543,40.804491397259
304,25,226.62136470238,41.9310400662965
305,25,220.216675832651,43.6499977592497
306,25,371.299603216029,87.800848395307
307,25,635.845888236885,166.980713068617
308,25,314.758459758365,71.3625503562368
309,25,277.300754527625,59.3105724612419
310,25,204.672955992067,38.1649011810931
311,25,396.498805035952,61.8781491627948
312,25,69.6021033872886,7.71045229655455
313,25,464.097675420961,118.050660004437
314,25,304.581031735803,67.0950139479951
315,25,793.849500456973,217.950374248458
316,25,1377.58671144316,338.078614567908
317,25,1310.81613312561,341.156580345336
318,25,661.172631834596,122.859735793531
319,25,493.917819382918,117.203701547304
320,25,1312.71485114583,342.330570737464
321,25,507.966141679366,123.14901232086
322,25,241.651714370365,47.0465128698493
323,25,709.288305107814,172.645296445943
324,25,1296.09015215597,369.017551663322
325,25,3886.18648696549,605.507094559392
326,25,2304.14296532086,656.594543192123
327,25,3729.3966826993,905.155980815333
328,25,21465.8739205228,2817.30124726275
329,25,13883.4881009318,1484.9768640977
330,25,878.031954650722,204.435465157507
331,25,1449.85507364326,339.362702865017
332,25,10645.458387283,859.705713080375
333,25,2668.002042676,711.64682922044
334,25,7596.64664654334,618.683973019402
335,25,20143.2813851135,1510.03733343312
336,25,5208.88216986037,914.063998275014
337,25,4422.62210351207,1061.50418046475
338,25,2250.03739682962,532.697366340132
339,25,9441.86318904479,1144.50078610922
340,25,46811.8005661305,3833.69524236854
341,25,39517.4939930746,5135.41728621428
342,25,2299.4728589009,467.097040529857
343,25,1838.53172776999,378.858028960827
344,25,2639.18428784936,650.015038283743
345,25,3690.90516982411,782.030793432301
346,25,9390.39511088633,1112.5390727365
347,25,12964.5172277019,1929.86593139679
348,25,25666.2778821327,3043.19867224305
349,25,1811.26597342174,558.204458242013
350,25,3475.80879956651,839.69850639718
351,25,796.370998168028,222.181517603078
352,25,1105.27899698542,310.867341941695
353,25,1429.56555388496,392.064482871399
354,25,464.014702345166,106.05439086578
355,25,836.81633376687,216.685052009329
356,25,854.175780644273,210.333705294918
357,25,776.18553675791,208.013678594243
358,25,1365.38377427386,365.669743068841
359,25,251.470760221327,53.8174023923847
360,25,308.517467193893,80.1294767335116
361,25,136.492165681365,20.7222071687645
362,25,177.2714745578,35.2492051579337
363,25,540.782704880605,124.634297225836
364,25,948.04442163509,264.944152751194
365,25,1512.00595324572,409.677358269781
366,25,816.016370316017,222.280307437662
367,25,1535.07051913699,454.831791421632
368,25,780.803893939423,196.972503400531
369,25,5545.01636730885,1090.08518500225
370,25,9255.06193936898,1580.33387530738
371,25,5911.85492752889,1036.10459095411
372,25,13395.0644119414,1549.72012416355
373,25,16349.4354967895,2081.0661088108
374,25,2913.73386510629,786.889808546717
375,25,30254.2290316774,3978.45419255312
376,25,11304.024989069,1815.62583852499
377,25,38447.4080046565,2892.75103442844
378,25,40864.273597618,3291.40948636915
379,25,12720.66133914,1675.73691524233
380,25,29293.1274464787,3342.86165597029
381,25,4317.11990330478,1067.68492179098
382,25,1857.07878729765,568.342645595244
383,25,2027.6241386268,500.012682630755
384,25,942.325900287078,245.078247511273
385,25,4193.8935389509,868.543666924072
386,25,235.058534875135,47.8500514012385
387,25,102.83114719833,13.0294341268987
388,25,22.6550695219264,0.941030880773376
389,25,85.5130185964468,8.93651216199115
390,25,1356.50651297673,378.898679857684
391,25,16.7259266904911,0.720207059487821
392,25,83.1330775346768,10.9043617529826
393,25,50.2584502925459,4.76562540640873
394,25,39.3383461820671,3.39276508444571
395,25,116.15735556261,18.8200005835581
396,25,195.094493427297,35.8039981051082
397,25,33.6751121988242,2.37320496590702
398,25,58.7571672535414,5.62287376326523
399,25,3858.23971673463,951.440538818869
400,25,580.221640148495,159.459786664316
401,25,22.6952151147009,0.988420300584744
402,25,41.494612215215,3.50435743227546
403,25,56.4928303100301,6.66404290019349
404,25,259.721794958491,55.6993532180607
405,25,111.602545521053,16.3427000952499
406,25,228.455699187455,42.5748458421796
407,25,54.0757031794969,5.27857312363163
408,25,80.6777147998039,7.67834039038834
409,25,110.407584849697,14.5541292029523
410,25,3965.66940452758,802.725003791034
411,25,23.1952993277837,0.98137955267292
412,25,20.5660215044769,0.720643431660259
413,25,18.2979031152042,0.833076791033273
414,25,43.6307527083055,4.11678461981257
415,25,2968.11512065662,582.087356380253
416,25,183.80113739569,36.8730274481877
417,25,847.114256272335,245.209905092268
418,25,1945.83505457008,454.167561479238
419,25,1882.7174073359,518.859805228505
420,25,1501.57942007857,331.141138248421
421,25,158.208224190354,27.175778720996
422,25,148.118058702353,21.7890477072699
423,25,1106.40028899794,247.44814384979
424,25,717.023587361162,171.769308048893
425,25,743.44459351416,174.89901895609
426,25,236.748110639773,44.7123806229058
427,25,18.2614142299219,0.952747324122807
428,25,56.9653196511306,6.37987925742229
429,25,28.7250103339419,1.60994013252343
430,25,11.7392449723386,0.302160053137334
431,25,30.99446322591,1.77662644990985
432,25,38.9602837415339,2.41384828962718
433,25,43.5302879213827,2.64841936476126
434,25,3272.05902782975,761.21937947691
435,25,57.9008532489204,5.86465989630265
436,25,42.1172936532993,3.12156617272199
437,25,90.5806622188009,11.3507586099521
438,25,55.8459463701022,5.1065405735165
439,25,284.93743983356,60.2892578572078
440,25,463.948210213107,123.44318537253
441,25,420.570366119187,101.866936020698
442,25,1619.70221733732,326.74512504203
443,25,410.017865916068,104.305431939712
444,25,1193.71097642715,308.505435388996
445,25,938.894493548701,240.820572441767
446,25,701.805585588863,203.700422022995
447,25,890.451031733979,230.777626438055
448,25,2110.27560230801,563.565628399008
449,25,564.925713781038,155.31858762278
450,25,5669.94567449883,1016.87590931377
451,25,84.3850838502342,11.5021451320384
452,25,26.2655904504005,1.59130085182923
453,25,960.833299822527,296.914097360494
454,25,1352.58490843326,351.637533870204
455,25,4820.82339577129,1025.84138171401
456,25,2455.81061608865,639.186409421387
457,25,3189.63146653847,708.041613745037
458,25,3008.60834796982,721.910531467963
459,25,2093.22304195739,569.673257831384
460,25,2858.83064050059,772.212723556245
461,25,4152.31344740355,907.409135766576
462,25,2975.8986744089,879.357787459086
463,25,3993.52518401887,880.372655651537
464,25,3293.56011309487,793.578475274645
465,25,1133.05843109146,339.866844904032
466,25,30065.6513957737,3739.97819878159
467,25,99096.9864156462,7187.72497321062
468,25,13078.8139812994,1901.71053214098
469,25,1989.46026028433,553.358570663203
470,25,4585.48603415811,983.256057327541
471,25,2888.20369432807,769.229668670927
472,25,9704.52836300089,1248.04911056272
473,25,2014.72794506348,533.796081434559
474,25,2369.71607871337,593.291068115022
475,25,21019.4932581256,2121.71136909704
476,25,6895.52141525372,1496.65808762864
477,25,21331.70804205,1935.08987669996
478,25,957.345201653583,247.888251421916
479,25,3863.26874772069,913.966841175637
480,25,9519.33788668286,1615.26567312113
481,25,2017.31706266701,585.741838270514
482,25,9588.17004056527,1405.35811960404
483,25,1517.01723569521,441.650584705555
484,25,8268.31090056245,1515.00444329695
485,25,2170.75221248253,525.08286142064
486,25,986.264300881038,273.823495218994
487,25,563.181430200053,155.19223842539
488,25,1867.4901173983,454.93918352182
489,25,1676.96255641943,501.817349313237
490,25,1208.77885569219,322.807036686868
491,25,1468.41907294685,402.739456855277
492,25,5707.85631234415,1384.49009646033
493,25,21314.5551904225,2745.17272291371
494,25,230.958151036097,40.7940811794917
495,25,594.341621815008,137.864244897535
496,25,427.373810846755,102.272081742096
497,25,492.940232963602,129.037302415904
498,25,267.794518055134,52.5825217240833
499,25,139.037452323803,18.7797104570739
500,25,2578.54470939431,706.339527914161
501,25,306.069046282841,62.6262514917341
502,25,213.458295086815,37.033186358426
503,25,267.624877180697,50.3154886564988
504,25,282.122674530889,62.2322497140565
505,25,111.482684038352,16.4925204525255
506,25,28.5068279814428,1.62486267594181
507,25,100.415000764277,13.1885400631215
508,25,51.0198036291866,4.82328099861562
509,25,587.190097093141,144.009242482613
510,25,117.761204122895,14.6821414524489
511,25,35.7862772032446,1.76001251132271
512,25,60.9112283031771,5.67072914870103
513,25,196.084814894223,33.8838802539373
514,25,45.7388704932314,1.8059684579829
515,25,619.151377691493,159.098582765852
516,25,52.9429271725528,5.3852514655243
517,25,278.831640702494,43.2687128636188
518,25,55.3631892413933,5.27377228225946
519,25,36.2283500819588,2.82075465670295
520,25,30.7004900788119,1.96833644363876
521,25,40.8007597870551,2.87629169357321
522,25,13.1065531048452,0.350818478525105
523,25,32.415931077857,2.53385216301327
524,25,166.409807193664,29.8331306210964
525,25,32.2776009191896,1.90352273413629
526,25,36.9921797571847,2.47035293947233
527,25,11.8094806640257,0.149010975026052
528,25,43.3075050270496,2.2485302233233
529,25,424.814641751587,84.4719629329745
530,25,137.590424556698,25.1165246537407
531,25,310.002989588952,69.36053795438
532,25,19.585455609398,1.02645638792275
533,25,28.9208387326964,1.61699042831094
534,25,210.153476470223,38.1914150296044
535,25,85.2265247061361,12.0477673394254
536,25,412.263242376648,85.7158226105856
537,25,224.619241405793,41.8109691745692
538,25,43.0852543242701,4.39819059767556
539,25,137.892402137137,22.5513442954403
540,25,208.537859044242,37.0480628172804
541,25,191.657634009083,27.4229992080781
542,25,172.311497764674,29.5133350854097
543,25,123.274824719685,20.7622565969055
544,25,186.999373913361,33.5304861768023
545,25,90.9068136568584,11.7796245872297
546,25,67.6272289735193,7.51275853960443
547,25,93.5423406534259,12.840000108841
548,25,28.2538384949675,1.18637164364604
549,25,115.232707702696,13.4112635157446
550,25,10015.3176007937,1655.44222755207
551,25,12040.3639728625,2040.31512454149
552,25,4190.49988060455,1037.02916038451
553,25,4677.94776169015,971.0707506269
554,25,826.018899682355,203.700500740884
555,25,324.221306533722,74.8444284803079
556,25,62.3172475201501,7.31574192862329
557,25,44.3268948061702,4.56885145050104
558,25,49.271873164676,4.60141109754013
559,25,127.961636986767,19.3320866975754
560,25,135.544684749328,23.6228172598596
561,25,106.300689088926,17.6203693915191
562,25,52.3209869267581,5.64413749705384
563,25,67.6942845055816,6.81577884582639
564,25,53.849383958138,5.50272349203476
565,25,10286.9415768133,1419.66299114163
566,25,4889.16665891798,962.202118344083
567,25,4428.18182526275,712.444716679646
568,25,6122.65839887998,1150.40017959068
569,25,20008.6513921927,2364.65238282801
570,25,5348.11978158234,1312.56628110997
571,25,14421.3945016676,1886.57636782628
572,25,8224.46030029656,1449.93311461246
573,25,1774.02774953128,468.757949071532
574,25,5433.49336208551,1249.45311035932
575,25,1060.53997705896,292.540358299983
576,25,1177.70985865423,336.064507647591
577,25,3141.29106157432,710.431743379139
578,25,2142.07680042954,559.750252072282
579,25,4869.6679315098,1232.86708056102
580,25,22860.110109367,2914.61104256095
581,25,4535.47697647956,1090.30205524465
582,25,3185.38664713294,790.535562573282
583,25,13640.8640853724,1902.9878662104
584,25,6756.50744392477,1384.53333503989
585,25,10067.729441014,1827.46769977835
586,25,3432.86079426587,878.624254659228
587,25,9977.32319406647,1659.53547716046
588,25,5885.15075447052,1200.84719402194
589,25,6205.6151816007,1087.12292129538
590,25,3308.71737078612,798.701357723285
591,25,7487.31308406481,1341.22674593803
592,25,2210.83531708395,639.477324345802
593,25,1306.05356363556,380.377719469096
594,25,919.459540058611,209.130555032306
595,25,503.436687010701,122.922348667658
596,25,232.039038427633,42.4134406933304
597,25,405.18063602174,94.7740709025124
598,25,303.38754164686,60.035921653145
599,25,336.111769809073,67.3551900137513
600,25,224.970773547234,47.7561614071683
601,25,235.888513580814,44.2265688600986
602,25,395.017224449983,81.75981128647
0,30,3710.64743973679,906.736897974249
1,30,14641.8206679395,2278.00485427494
2,30,4704.08906368795,1046.70080339218
3,30,4587.03166555823,1184.38385353125
4,30,2630.72437826807,619.682679624438
5,30,3861.48947965816,910.23480886959
6,30,2431.13706967312,642.095635723298
7,30,6374.01349091834,1172.19822795998
8,30,9207.20399816336,1523.53630615298
9,30,16425.3111274608,2452.37797528233
10,30,8660.41667660922,1857.54180199922
11,30,10542.4091047485,1587.83712163784
12,30,1099.13060180179,239.461355427249
13,30,1602.45055844159,447.437351042674
14,30,7074.73871533627,1423.60751784769
15,30,21913.929053451,2846.21635106215
16,30,22629.0828258108,2991.3324360532
17,30,15274.9239426967,2474.05199850307
18,30,17573.4937139229,2219.62553173619
19,30,5229.44769214714,1319.3664313754
20,30,8985.31102893301,1340.65573430843
21,30,5604.27269259118,1221.53081899348
22,30,10034.6547241407,1818.4969071492
23,30,15898.7053222482,2293.15162134268
24,30,3663.62549685875,950.617030039451
25,30,5516.58505814146,1262.26164620274
26,30,7576.75601644441,1233.50846802629
27,30,1151.8953522382,297.671119668483
28,30,8196.75527333536,1588.78776203049
29,30,7371.9729241599,1710.51640015101
30,30,30551.0179110853,3723.35160561597
31,30,43833.010066283,3842.45603378222
32,30,16350.0394674476,2550.85839991359
33,30,11318.5611611369,1739.16547297829
34,30,4697.26351994135,1164.54201209789
35,30,11165.5507265109,1481.49321453453
36,30,14834.038727069,969.815274909404
37,30,26091.494560452,2685.85933168301
38,30,915.444492334996,239.48225561245
39,30,5688.88353366046,837.289623276255
40,30,8654.6364473431,1034.32031870584
41,30,12688.0066529658,1818.94855614854
42,30,11144.1407921274,1555.28432293697
43,30,16742.6534809302,2631.83054968791
44,30,10854.3757357903,1406.70225600584
45,30,13980.8235353089,1459.2207497747
46,30,17298.9316632381,2418.39502709568
47,30,26289.1376838358,3349.18463790257
48,30,28031.1125946355,3959.77439921851
49,30,11207.2948475464,1671.02423684481
50,30,40310.6018653219,3644.61454826338
51,30,7378.80012553277,1216.94897592025
52,30,22862.8081716737,3376.732675151
53,30,3392.51324049844,937.678728678594
54,30,6866.84415279026,892.732706959781
55,30,5526.80285619573,1268.54303359939
56,30,21610.3233473311,2395.41698087751
57,30,5734.05131245629,1043.46162379597
58,30,13042.2069198522,2153.71616823591
59,30,10953.7873292698,1929.25494460691
60,30,15633.5987745803,2366.49861463319
61,30,15558.1160396628,1899.27893167539
62,30,19913.7948991398,3116.40936384026
63,30,33339.9780245145,3471.10593307009
64,30,18176.7415842698,2645.3599304887
65,30,13736.7747722337,1904.3800901353
66,30,8836.72096596732,1593.7386956341
67,30,54948.8761439554,5851.92179694925
68,30,18870.0638172887,1951.10787167274
69,30,15357.4130807679,2452.38486282336
70,30,5084.66956970052,1241.99825570946
71,30,4581.84628843798,1010.65139988302
72,30,15433.1586782109,1819.11883210506
73,30,52287.4468651786,5858.74183271947
74,30,53212.0034050637,4998.49289451574
75,30,74157.7041123735,7918.87112318346
76,30,7037.09979607288,1367.16518589843
77,30,7606.25737945664,1327.25417057511
78,30,66250.6477933198,7249.98848203476
79,30,1385.02296482479,365.292538412019
80,30,85455.47159554,7518.85984493799
81,30,18740.8042315816,3061.31006905201
82,30,3974.26747583255,895.798050724044
83,30,3323.48103499608,840.540927658589
84,30,3909.8213698418,836.507630703046
85,30,5295.40112827934,1030.85776655901
86,30,3152.19380413994,852.786815902464
87,30,1961.73886941018,512.454124838055
88,30,1722.95876505911,409.553162959826
89,30,7107.51464390617,1633.5068497445
90,30,3261.03140134848,790.35536365031
91,30,781.915444413485,205.142626373932
92,30,80.9814611711578,7.99439306891033
93,30,94.112587667052,9.10030600892569
94,30,105.457256640318,13.4436086959641
95,30,213.117337906075,29.7955494470004
96,30,47.4134687870558,3.9902163762651
97,30,24.1611004268233,1.08336834461498
98,30,95.6046914721046,13.6079594010511
99,30,106.293326766111,12.3857482715041
100,30,10104.3448885044,1394.27012816112
101,30,3550.98505413224,907.230454209561
102,30,11028.6408218131,1397.24227163479
103,30,4114.04544231804,936.097524781503
104,30,3903.90922162321,927.978557395191
105,30,3175.70158890585,834.142431935524
106,30,4598.06452821588,1008.33905890285
107,30,3478.93858432807,884.851170127533
108,30,4689.24726746521,1176.44490762343
109,30,2775.83433713792,630.936503500638
110,30,4405.36371527237,1065.07040755103
111,30,2620.10721429472,605.952164479711
112,30,3381.52757002737,899.966734190091
113,30,9333.1390231078,1548.41507614593
114,30,1834.36804768681,464.791812233961
115,30,572.253107428846,131.861433593046
116,30,1397.45176644867,405.848152261892
117,30,217.440718786306,28.9328470641302
118,30,151.249265483146,12.8600069708049
119,30,317.69809976174,44.4260541420362
120,30,537.51874702111,92.7111274162663
121,30,278.806460239375,52.1035779290885
122,30,408.960142810261,68.4038058119145
123,30,2125.51772011989,534.027040269715
124,30,2357.94618315492,585.081924041385
125,30,2135.19822191221,539.286785659941
126,30,3354.53172176206,916.056635960769
127,30,293.760466546874,35.6395532860111
128,30,10113.5169280076,1170.2662498819
129,30,305.248722968945,63.6184421527871
130,30,241.791387439569,33.478807986668
131,30,308.440704466854,57.3591198322796
132,30,639.885493432803,166.072442253464
133,30,902.122054018533,250.866358819272
134,30,1008.7759157755,273.824194131322
135,30,411.321846831292,69.694717686849
136,30,2727.13059471761,688.531706024281
137,30,1747.0051308572,462.798013916907
138,30,696.570652507402,158.509946267685
139,30,343.753944996798,41.968316464567
140,30,2080.84413889106,633.100922055093
141,30,1472.97298922486,409.155875482955
142,30,851.699066957357,228.143474816916
143,30,1353.16724555514,329.511257382244
144,30,4177.05321342788,1137.41061381626
145,30,9029.69588129605,1596.61107715284
146,30,13621.6881420441,2056.1206899923
147,30,806.490827470329,224.160604315329
148,30,977.449719978412,238.89186894962
149,30,1181.99128003839,300.472621877113
150,30,471.979240290118,102.188037616612
151,30,1434.88261141298,398.386261607117
152,30,1405.6016272789,406.658861996186
153,30,581.888266812005,111.092012075842
154,30,4043.64281077679,1007.84759771262
155,30,2476.72431877361,654.672223727347
156,30,1962.75347416401,535.632503843895
157,30,1659.74556564716,473.592831818221
158,30,1804.90814529557,469.306523931524
159,30,4696.94349589738,1153.42159639018
160,30,4639.18454411816,959.713935715568
161,30,890.200219674366,244.950796775714
162,30,1375.22384183387,394.634647846013
163,30,803.238220653265,211.031047721281
164,30,938.155536656059,211.541921297887
165,30,402.496882518657,65.7762382983312
166,30,1383.21917841896,404.236091887701
167,30,481.881615245796,107.522681509734
168,30,196.336547969189,21.7523520097152
169,30,331.844444503724,44.0605523665595
170,30,1026.33262239767,206.292396040064
171,30,1723.84830963806,464.696717103503
172,30,533.562857965886,82.6604636658525
173,30,1437.42827201825,401.196498384422
174,30,438.413986037799,65.0954047830575
175,30,448.100087539235,78.6847411902276
176,30,592.377259695831,115.225619100471
177,30,939.514155192831,221.389377623065
178,30,604.681871927338,118.5178020507
179,30,683.306504888863,128.489783691971
180,30,1855.74074423318,546.233279383064
181,30,1962.39501857928,582.676861623592
182,30,1376.91674551069,334.763808240379
183,30,5486.99439392695,1293.41581002776
184,30,681.974000132078,151.966937679309
185,30,3389.77411324729,822.636673846692
186,30,230.949903820026,41.3644784342162
187,30,435.977274428367,104.383041960515
188,30,383.727526452745,88.4875607772934
189,30,467.208717731586,106.014685586581
190,30,352.105286721196,64.4719627497826
191,30,738.87167539228,170.633139423544
192,30,2140.41366135242,567.043769931857
193,30,679.431111632666,185.293369127974
194,30,602.883054823877,141.322720576106
195,30,743.655143553228,154.50657942325
196,30,624.767426785513,166.155955014469
197,30,514.839282243289,138.186649437118
198,30,502.065098823779,119.211617069095
199,30,634.598798834188,145.523389571583
200,30,364.181671644128,76.2894212946918
201,30,297.996250131034,45.0618335076086
202,30,1046.95259429111,299.468938201162
203,30,857.738087922582,223.59709270122
204,30,770.612176029716,201.590827517361
205,30,4007.14243340374,1023.04073110118
206,30,3600.58104724839,762.879077806967
207,30,2272.67576224857,573.490035090168
208,30,2591.32668350556,723.778379417594
209,30,2509.93603758889,734.957981637518
210,30,2124.63712018133,374.171806109273
211,30,5049.07523989056,1110.16341042015
212,30,3430.10868422409,839.401416121966
213,30,3949.12042820902,1181.68986813431
214,30,592.923191168429,127.67575913868
215,30,4069.26725634715,841.071106799519
216,30,9956.51604580691,1869.69238275785
217,30,53.0591248776822,4.06826536923187
218,30,55.3923798237161,5.59905380294086
219,30,885.009381235463,239.721068279156
220,30,3909.22173199943,969.297194936242
221,30,398.927228914539,99.8055814552249
222,30,177.560780115887,29.8537477248046
223,30,164.988941697676,22.8157050192129
224,30,288.930267316465,51.8875584371663
225,30,228.229499291707,33.7071849066856
226,30,201.819285877365,31.7612522492996
227,30,77.5110431188162,7.08110022043575
228,30,35.4830678011866,1.15471405928343
229,30,24.5550292219176,0.850134215189422
230,30,96.6617404993383,10.7669605344462
231,30,68.648841181095,6.28322651760428
232,30,55.4780798246664,4.71238959260771
233,30,88.625464217545,10.7195937506367
234,30,17.6838550493716,0.504661948780602
235,30,19.9106875808621,0.510691717876668
236,30,18.5196711751403,0.61303341984093
237,30,58.6826356468772,5.94020345753263
238,30,33.8802037974566,1.97789250725421
239,30,146.908689588968,20.1960558955557
240,30,78.9104958668837,6.77261876608892
241,30,24.4540182908263,0.839664085082292
242,30,23.7910471566125,0.715073794026729
243,30,70.2295333803334,6.46940762263624
244,30,228.317748402492,38.3324574058061
245,30,62.0822308265933,5.55826578577303
246,30,43.7115394652513,3.19856158553839
247,30,42.9063114787535,3.42209037278534
248,30,26.1423864172775,1.0810501315155
249,30,92.4709857374748,11.1617509705938
250,30,86.3462211569807,8.36932864588066
251,30,41.2508028025569,2.63455320619235
252,30,101.693771263004,11.2579461261723
253,30,272.136816036099,41.6652985135406
254,30,193.830696781684,28.8138296009175
255,30,78.3638512080449,5.0190353382183
256,30,72.2980759736984,4.57296767993695
257,30,56.1735109106377,3.63718264840271
258,30,58.7992082311898,4.9786802506103
259,30,17.6398653517496,0.438106424993829
260,30,39.7296621277014,2.88912195537833
261,30,20.3590724439449,0.445080837971023
262,30,158.250948407378,21.4813608253938
263,30,93.1441031968136,8.44276815521942
264,30,13.6013799215387,0.218469735700427
265,30,141.783106922214,16.0936702069579
266,30,70.085170546852,7.42917115909256
267,30,44.2120785734856,3.67217588810786
268,30,27.2759122052901,1.06641871958019
269,30,30.6016693178245,1.71173226459108
270,30,29.2398464729767,1.38320811217812
271,30,132.123151376192,18.6957039862728
272,30,92.130671281931,11.173872655135
273,30,43.513962062803,2.69822086753242
274,30,64.6084438244419,4.52536025131069
275,30,152.18951827575,22.738834187392
276,30,51.8153511018814,4.40907776218906
277,30,49.6919457439983,4.08701469420016
278,30,25.6894725387042,1.20343510645045
279,30,19.7168591641585,0.517970197867635
280,30,145.238434979952,23.3481167689624
281,30,175.768151189027,29.9094231823098
282,30,229.615523594387,47.8957078087466
283,30,150.592308159509,21.5821934374038
284,30,13991.9746288165,2166.56283987595
285,30,8302.37949151934,1394.35394333617
286,30,2192.47895380909,521.120109942369
287,30,1486.92856391869,371.755324609721
288,30,1508.1207652721,396.172416087621
289,30,21672.4640883239,2830.51767175785
290,30,3927.58252695503,1106.18485120775
291,30,3759.39306474293,818.964812882426
292,30,1507.75861745308,433.298923655863
293,30,779.48491853607,191.446744130298
294,30,497.935659757363,109.779559576471
295,30,3109.00070091624,797.04930623442
296,30,3924.17288728908,947.167309844882
297,30,8869.73108017015,1618.32797619309
298,30,11049.0071853193,1775.20938296447
299,30,4898.70842347226,1223.48174927111
300,30,919.586416638638,237.540984971742
301,30,5122.98399314788,1141.7185166713
302,30,4125.93539227105,913.732961102827
303,30,279.171023506037,58.25852572395
304,30,280.929535002105,55.9075888691919
305,30,269.282735472921,50.8012216253402
306,30,470.393269263688,107.184879794531
307,30,768.361252835786,220.356748352243
308,30,394.822184174961,95.4030065957094
309,30,364.582664878551,68.9641439079255
310,30,251.903840928063,45.968042814861
311,30,488.951196905616,78.1462091566068
312,30,87.2961038531837,8.84438556739076
313,30,586.995980967785,163.85536511336
314,30,363.156478091408,89.8354738613711
315,30,979.930034777929,272.899246576427
316,30,1629.25961887404,434.213395217268
317,30,1598.37009831978,398.459235755266
318,30,822.287934156844,155.340757680218
319,30,644.56884615189,141.714844378773
320,30,1617.07652848791,411.810418416944
321,30,636.076480615179,169.291644561851
322,30,302.4564028232,60.1046578959601
323,30,877.490004224689,202.940568271714
324,30,1690.55561725639,379.408365590838
325,30,4681.94521966981,990.607207703248
326,30,3054.71516389886,694.361833610577
327,30,4425.92486547045,1157.02306558073
328,30,26843.2271098039,2805.86025067646
329,30,17113.7318440295,2203.38017831301
330,30,1088.65525407707,261.708028915825
331,30,1696.73001855736,479.871809219342
332,30,13401.4598008792,763.589659350816
333,30,3330.68506120363,838.267587183873
334,30,9231.32741379091,956.746604944317
335,30,24582.506660966,2048.46358719142
336,30,6453.69039350808,951.851378157793
337,30,5781.40401361264,1220.54407290867
338,30,2716.53012475518,655.637174627094
339,30,11890.598181945,974.362904227608
340,30,57145.6723442058,5147.57950514416
341,30,50004.2957905586,5517.43585646618
342,30,2769.49121422844,671.535502521979
343,30,2275.8792620185,465.208622509628
344,30,3265.59471828272,857.787611310257
345,30,4260.23703801901,1039.97036814366
346,30,11110.7373826345,1813.7547448163
347,30,16156.4191949846,2732.01449335256
348,30,31057.2315988674,4260.14125579147
349,30,2356.95721773601,613.240793105905
350,30,4122.51384483832,1093.22154432193
351,30,993.811470486059,287.366358805844
352,30,1380.62888326907,395.174524131608
353,30,1645.57778464561,486.989014433718
354,30,556.146916795303,130.596330199204
355,30,1037.35678392105,274.042107120885
356,30,1063.48601790354,270.436976953428
357,30,990.210065354531,260.804746117376
358,30,1700.39986418381,471.270061611137
359,30,319.523773779092,63.3983715149433
360,30,413.187470687023,88.4337611295865
361,30,165.0093325217,27.9042835721761
362,30,222.975178594846,42.030269489591
363,30,715.130605653176,166.480382674459
364,30,1159.63855610097,286.832921841303
365,30,1855.69685506687,494.271844845681
366,30,1016.78151892434,294.397306778099
367,30,1764.36842564215,582.235952118362
368,30,943.950568855294,267.564016477871
369,30,6783.78338842288,1390.89110963147
370,30,11739.876289456,1719.81571065469
371,30,7336.98872033894,1256.36012106936
372,30,16144.6064010393,2130.0870192404
373,30,20228.3777751467,2310.38762599007
374,30,3675.49207733248,923.574642501326
375,30,38127.3620812589,4399.23355292389
376,30,13891.2206981881,2002.23860341178
377,30,47898.7082330138,3786.82856146722
378,30,49866.4060397709,3807.91587838481
379,30,15882.6811538658,2056.10509720293
380,30,35935.0638528605,4447.30998546187
381,30,5191.03253972858,1265.31007261793
382,30,2299.06386142581,638.637274913869
383,30,2399.63283535862,696.630200390633
384,30,1188.74415542406,304.452549221554
385,30,5092.41546173708,1244.12859622128
386,30,279.374269105288,59.5684306292975
387,30,120.587402551772,17.4715692781537
388,30,28.3180771720991,0.742220471485572
389,30,110.361855436728,10.0739849606667
390,30,1637.21330851873,485.047662636965
391,30,20.7026443008927,0.817266771930804
392,30,104.106412638302,13.4235503571146
393,30,62.1538159650308,6.91342482522925
394,30,48.4188879805039,4.59376661901336
395,30,144.888649260175,20.8642194834484
396,30,237.006117596022,47.501763835764
397,30,42.286889991532,2.36876623799295
398,30,71.83988949674,7.47840835585947
399,30,4972.680745995,1208.17889830251
400,30,742.121802786059,169.930582386628
401,30,28.1551504470778,1.14298449314241
402,30,50.9151435160757,5.02732608756111
403,30,72.7692046603204,6.71598408602213
404,30,322.787656276677,62.6314058235878
405,30,137.988637807059,19.3130919134464
406,30,288.739003840439,56.8286125264575
407,30,67.5052854377918,6.8999365164526
408,30,99.7081623699558,9.54057909840166
409,30,134.327628688918,18.0138450313025
410,30,4885.78915682056,1018.98564261831
411,30,28.6709476847687,1.34524621912539
412,30,25.2401479835216,1.20568447842227
413,30,22.7906413087278,0.921543597460777
414,30,53.9017125814017,4.80975684383245
415,30,3632.47395443061,801.817762157083
416,30,236.624929281782,42.0321661607957
417,30,1039.54454790459,291.700379454874
418,30,2483.16721868121,549.312048373942
419,30,2337.56469265224,673.444488456685
420,30,1776.4354394123,429.469435596977
421,30,196.924293441588,34.1128782443252
422,30,182.981880671379,28.4356554983902
423,30,1364.73193284406,317.923470323963
424,30,841.741557706885,222.920491000533
425,30,923.00399994242,217.259949771344
426,30,289.035606147268,55.4118122704727
427,30,22.6426827626814,1.19662291648395
428,30,71.2268278176292,7.39772907108563
429,30,35.505577443758,2.01688558966301
430,30,14.4818356160878,0.447433855152001
431,30,37.7240534799095,2.93330978702363
432,30,47.8751319678735,3.28424816983418
433,30,54.1255687269977,2.80215056793319
434,30,4027.40134773386,954.06053679071
435,30,71.263160847825,8.0135100640668
436,30,51.9375129309365,4.30103572549115
437,30,111.191734383792,15.3389111989025
438,30,69.6997115673427,5.70637604847227
439,30,368.55922855741,70.4150356508386
440,30,573.270565819108,131.370637312551
441,30,532.613169698421,124.294512113608
442,30,2002.53645886889,396.920926935094
443,30,517.507068948476,129.433887930811
444,30,1459.1253294734,401.265504268164
445,30,1097.92935454611,300.953592515636
446,30,924.041868633276,229.562372263299
447,30,1142.50962307446,272.548933345189
448,30,2641.19274493958,760.032997430894
449,30,759.972292862552,195.689716639588
450,30,7282.33414648765,1141.79483064294
451,30,105.093811590245,14.601995536748
452,30,32.8427409817166,1.43538965783533
453,30,1159.55564264821,333.532088058697
454,30,1581.36852983002,487.657799016141
455,30,6167.61921349922,1178.38645020959
456,30,3126.25796803369,778.9303076053
457,30,4110.04714290464,760.889118070054
458,30,3547.50489711881,919.160827718938
459,30,2461.50663027205,729.851529152587
460,30,3742.78268499774,971.765944420536
461,30,5023.17004259943,1084.15621638353
462,30,3757.25214591826,1054.21181162619
463,30,5002.63939029042,1081.23169714562
464,30,4214.80288002324,1069.11668787873
465,30,1483.09298295932,413.171201731828
466,30,37310.4842444598,4929.21473266814
467,30,121588.960662744,10526.1102985476
468,30,16241.4643272747,2060.90764493965
469,30,2496.08949194414,613.223984699555
470,30,5964.70104200212,1217.46561169006
471,30,3631.08553824509,793.911434444272
472,30,12259.0893202809,1518.87436514868
473,30,2554.00259150579,639.366160867684
474,30,2917.90554149257,790.577200147274
475,30,26086.6170458641,2610.46208077095
476,30,9305.36113169647,1779.25257119725
477,30,26511.1147147137,2245.61669992798
478,30,1235.88762334261,306.821249447604
479,30,4723.64288862611,1045.4493858348
480,30,12107.0570471102,2003.77753107121
481,30,2505.81574290361,682.654278919845
482,30,11456.0660155728,1934.28290790358
483,30,1900.21844131256,510.950866443825
484,30,10350.5891471024,1633.84814185241
485,30,2673.95548543745,610.105647380972
486,30,1290.87973032209,367.209578991378
487,30,738.651932929416,195.000634764385
488,30,2320.53882042712,561.101862680314
489,30,2158.73982783087,611.490508219263
490,30,1581.78281511359,398.277281223022
491,30,1844.54608734292,510.531693006621
492,30,7261.06668674575,1471.0046221105
493,30,26530.2499964054,3913.43950761509
494,30,284.409354345443,52.1781490638343
495,30,689.239476182181,153.211713784995
496,30,514.209098048781,138.06612966211
497,30,645.675902047386,163.785003403892
498,30,328.618906474345,69.1950207380689
499,30,167.774116759507,26.4301501161577
500,30,3386.4046116988,811.878417318032
501,30,373.759380515938,75.1899774063653
502,30,248.186293798305,48.7261219372115
503,30,338.259704340314,61.0495353028668
504,30,354.172602525336,75.6076800225233
505,30,136.601156293551,20.5234762198192
506,30,35.4466141779739,1.7799188994017
507,30,123.405068553482,19.2739546398634
508,30,63.7154233872876,5.27335554197642
509,30,760.396773607919,206.78888685727
510,30,148.044797776705,17.5428822851614
511,30,43.9242482513026,2.43221139380487
512,30,74.4235788384964,7.41517778945954
513,30,246.779759374523,41.7386137654075
514,30,56.3869090961231,2.66153266912853
515,30,793.068387530858,218.057698590739
516,30,66.6435271179578,6.42819013013538
517,30,331.88841262678,56.9279701116148
518,30,68.0856288884025,7.0555925888699
519,30,45.3351938455021,3.28110311272038
520,30,38.2844860937223,2.16725306930081
521,30,50.3675419393172,4.03351051190915
522,30,16.2453397557546,0.419058420137236
523,30,40.0328485070722,3.15840347588385
524,30,213.795863022402,35.192477028441
525,30,40.2818745224762,2.15917482294629
526,30,44.2980288674144,4.02096223523338
527,30,14.6021424864101,0.216144162491695
528,30,52.5903861503082,3.90206265644321
529,30,554.01771953807,92.0771897966762
530,30,177.367648600322,30.4883840860922
531,30,382.04428666991,86.3991405551689
532,30,24.2120496586745,1.30093697406508
533,30,35.9853813395125,1.72894044907611
534,30,255.330778491318,50.9834645784132
535,30,108.397629973594,15.520325105874
536,30,495.867094879737,113.042803727196
537,30,267.193332524874,57.7878632820227
538,30,53.6852714838091,5.32284992913685
539,30,167.870708084453,28.0573571197752
540,30,266.206567831645,45.7822408627053
541,30,240.984876362449,35.4380230978643
542,30,216.58119930398,38.0285334836598
543,30,159.0041408718,24.6894831603246
544,30,234.045166469103,45.6279563818034
545,30,111.758459553407,14.7719558439895
546,30,82.8908555803195,9.57243551250842
547,30,114.93576234902,14.3048609076837
548,30,34.5362196688129,1.76724874407476
549,30,147.285256728248,13.1918467328365
550,30,12437.7372208464,2326.87030361991
551,30,14836.0510872969,2319.77425755971
552,30,5416.41738041983,1284.24336489003
553,30,5991.96243765209,1201.15167153792
554,30,1113.14935008783,259.538004883382
555,30,392.499109019278,89.409229393801
556,30,77.7970622150869,8.95259763636566
557,30,55.4523473973655,4.78785559437983
558,30,61.2796674996138,5.36121518743329
559,30,157.526672617635,24.4945379449354
560,30,172.219663410369,30.6336689955079
561,30,134.102692347809,20.6855415011726
562,30,65.1266650412956,6.9264286559536
563,30,83.792514088523,8.27104705457373
564,30,66.4885018709513,7.17592486566847
565,30,12759.992206024,1811.51170488813
566,30,5997.94950971373,1254.57574932374
567,30,5260.90890594175,1142.48603487154
568,30,7664.34615854789,1191.46399072607
569,30,24767.0636140195,3486.10412804369
570,30,6477.69400223801,1478.37518238571
571,30,17416.2333003068,2470.42772373587
572,30,10324.307899255,1770.42388176824
573,30,2207.2017542528,616.485317166104
574,30,7027.80879272657,1535.17721872863
575,30,1353.06931469375,371.736966570173
576,30,1432.53662527453,429.956965733514
577,30,3797.73512158225,961.379882418999
578,30,2633.58794173866,724.752613493261
579,30,6073.95540396389,1346.24722381723
580,30,28488.2280047211,3321.04174702723
581,30,5982.94199247286,1132.61676092671
582,30,3789.18405893931,982.167152999677
583,30,16379.3415196742,2647.46540443963
584,30,8191.3047842748,1686.60600914126
585,30,13032.3065258586,2171.7961509877
586,30,4264.07927294358,1158.8935911829
587,30,12226.3781520574,2083.00880568748
588,30,7503.75105218047,1917.73365737321
589,30,7599.67842407669,1501.01806898651
590,30,4001.31513059835,967.01450349845
591,30,9416.2575278684,1388.75691894535
592,30,2846.46992372432,723.364442080797
593,30,1610.434387323,492.524614027902
594,30,1161.03421043923,277.418574085583
595,30,622.382519399452,149.828667511305
596,30,301.591639935632,51.3620256712798
597,30,495.209493912711,112.672257664632
598,30,381.285017388862,69.7855828426458
599,30,409.244360034215,87.980736619184
600,30,293.656760857849,52.519763847266
601,30,289.78566875448,49.7058027506678
602,30,471.920768165793,102.530740199198
0,35,4435.52290565936,1256.94495040477
1,35,18223.0809530811,2577.79797915276
2,35,5757.3179085493,1405.06362827365
3,35,5917.13588603828,1400.2991970162
4,35,3369.89730517831,735.55252651966
5,35,4598.62912032692,1198.81267577261
6,35,3056.01936437217,757.623954908771
7,35,7482.60616196716,1714.24298764248
8,35,11090.0912412523,2325.02515621796
9,35,20150.8445871145,2795.68286747619
10,35,10862.2683681076,2346.26137887405
11,35,12986.3312001137,2116.88077495805
12,35,1219.17842179897,337.336834776382
13,35,1911.3821147663,507.391425489429
14,35,8791.63578709523,1651.22309879927
15,35,26469.282802485,3949.35486061992
16,35,27360.9380228019,3849.55784834761
17,35,18508.7936671415,2451.52947565908
18,35,21350.3699954456,2476.07106327306
19,35,6190.63195017062,1592.85551468061
20,35,11100.3414922675,1704.73471782073
21,35,6596.42532401936,1590.29948125806
22,35,12397.7375952394,2325.43819943159
23,35,18703.9528977132,3184.18860197327
24,35,4846.56074720091,1098.10037741482
25,35,6502.88231549164,1635.85735422034
26,35,8542.19736099093,1959.00495566745
27,35,1426.73186862476,394.595057933107
28,35,10351.8525364344,1833.88340127014
29,35,9097.27090255574,2104.55402772817
30,35,37586.1805293425,4656.12105016875
31,35,53609.0286447569,4510.69372280164
32,35,20560.4216205871,2820.01906482526
33,35,14198.3818160245,2087.38044584752
34,35,5742.73075501713,1119.74151174408
35,35,13421.4846903742,1702.65159336928
36,35,18196.9372243742,1027.98960607507
37,35,32436.2401532385,2610.3904990411
38,35,1047.84714240474,306.039015264934
39,35,6980.41796789292,1007.78988364846
40,35,10304.667616784,1437.62602256772
41,35,15185.824128977,2301.88745343818
42,35,13474.4067127,1888.89835872087
43,35,20574.3726442562,2868.35718515207
44,35,13235.3698131341,1616.92581425031
45,35,16980.8784969074,1792.9277926992
46,35,20959.8256961476,2500.67833550989
47,35,32459.1885080777,3189.00609789479
48,35,34222.6169036456,4325.31340737482
49,35,13858.6968243794,2079.99625839666
50,35,49083.8589709891,4503.24081877866
51,35,9094.43822440507,1570.2904364683
52,35,28604.5359442931,3660.86894346054
53,35,4028.43790799346,1151.52776274768
54,35,7771.11061352989,1412.7650671632
55,35,6786.32948886915,1423.69190922567
56,35,26322.4407399178,2585.77056816542
57,35,7045.65764585212,1484.21216979304
58,35,15778.1297130681,2466.16098264193
59,35,12751.9793278657,2675.1051324008
60,35,19002.4642551365,2680.30492215459
61,35,18820.8624761797,2478.73426334442
62,35,24120.2762413598,3823.41303611051
63,35,40449.8629456355,4642.22834179207
64,35,21860.4231176954,3085.87139928326
65,35,16018.5446786598,2472.12065623987
66,35,10716.315669682,1830.6415322749
67,35,65849.981711646,6818.43730242848
68,35,22661.6901103204,2434.2080716919
69,35,18727.2328116674,2614.13103796816
70,35,6079.3252427881,1466.90626209409
71,35,5692.73879220774,1223.90214394635
72,35,18490.8052922947,2555.11138035928
73,35,63730.0494435199,6209.07450811766
74,35,64400.7180600382,6235.54157098102
75,35,92601.9908180009,8894.06750200635
76,35,8417.31840086064,1798.8560820375
77,35,9510.17556514782,1981.97182893219
78,35,79600.2992264178,8597.65350402603
79,35,1684.05917356293,464.08210087221
80,35,105317.131407989,7950.48475638388
81,35,23429.9684901917,3209.43025932827
82,35,4925.33137903113,1067.83909585871
83,35,4056.70987795962,1178.38442853257
84,35,4862.97933238288,1127.96556357807
85,35,6345.47150302875,1253.9142101402
86,35,3872.79014694615,955.105984032411
87,35,2366.73000026613,590.08190387813
88,35,2137.46658539663,604.431851099831
89,35,8743.5913473967,1703.30855478703
90,35,3869.00315489479,1052.29991970571
91,35,950.119805835605,253.606631302318
92,35,100.042828874412,8.90638412386254
93,35,111.439041911975,13.617193870366
94,35,127.664405829781,15.8428108812668
95,35,250.454352409439,41.0269756417611
96,35,57.4732508786751,5.02201202243188
97,35,29.0913013873445,1.43471603282957
98,35,120.730715177754,14.2728297077475
99,35,127.680288663308,16.3318975009461
100,35,11900.5245436429,1731.83608327215
101,35,4476.7720750347,1051.14629484554
102,35,13055.0849095612,2173.83367041426
103,35,5163.36586583255,1163.65970199491
104,35,4364.18890423631,1168.85634841032
105,35,3875.94854166419,944.123896134047
106,35,5666.6834404894,1280.67817977664
107,35,4363.02674068254,1110.74333130098
108,35,5794.93110360554,1337.48708238915
109,35,3314.99903360811,789.633645438009
110,35,5308.56615199713,1320.23613134082
111,35,3170.05590692318,669.752286872557
112,35,4178.68691764763,1035.35323797034
113,35,11174.7140887201,2342.91707896032
114,35,2250.54941037724,660.057103471039
115,35,702.503885405016,176.610553006857
116,35,1744.47022555734,448.349953738919
117,35,269.54032710355,33.5334619718506
118,35,188.109226000844,12.1268838302133
119,35,376.888559665861,54.1090980691512
120,35,643.783544275843,104.568847180918
121,35,326.401599936657,67.4750379088881
122,35,496.788031795924,81.5700950247324
123,35,2472.05041025561,656.154020720925
124,35,2710.93055189325,702.227456752297
125,35,2569.91778704919,650.36049318472
126,35,4111.95819749582,987.069337206246
127,35,352.471010612778,50.1780471561914
128,35,12245.9572968072,1256.45483058592
129,35,348.657893125408,79.1701765486108
130,35,297.240543001687,44.460911465028
131,35,379.606518657683,65.1097832752729
132,35,807.838613264105,189.829530873981
133,35,1079.86054554936,299.735516435318
134,35,1272.11245053515,329.498832549357
135,35,471.414199496331,94.8079623471544
136,35,3295.74009345159,782.612403587625
137,35,2240.30027580254,473.552449680308
138,35,878.43411808733,176.37597189198
139,35,407.536842858848,64.9733589276625
140,35,2658.84764007283,743.667203988675
141,35,1797.05427069442,460.712125327303
142,35,1051.5738854246,261.345055036485
143,35,1558.29668687248,429.576159047902
144,35,5293.29531083997,1213.14092965302
145,35,10544.9412109475,2011.65151477815
146,35,16542.0164387501,3092.55086759509
147,35,1027.09996778212,266.635333609682
148,35,1193.75849605092,290.625678194102
149,35,1389.52030140255,390.4176262227
150,35,595.734888301056,113.972010015999
151,35,1684.86898596411,494.879220323921
152,35,1728.83220833835,481.875276588384
153,35,683.543726779025,136.731396439793
154,35,4915.99394608574,998.026292260412
155,35,2903.76292541544,759.18782608334
156,35,2368.71092973327,658.537717642203
157,35,2102.22698075426,564.252191606093
158,35,2373.79148227661,611.097257231837
159,35,5605.61678647998,1516.8978164619
160,35,5657.33326705346,1208.67032909879
161,35,1094.99716919283,296.646630176554
162,35,1696.50757293003,423.969343035188
163,35,1029.35839933585,237.47162047248
164,35,1122.53455990175,266.770766479888
165,35,496.074562787562,78.4543139427062
166,35,1589.11841251247,454.115915269317
167,35,578.251864471881,124.196998366263
168,35,238.068074335097,26.1080412951224
169,35,398.342624735707,54.4682049082889
170,35,1144.72673783034,277.029035639458
171,35,1941.27721448203,659.324198264639
172,35,659.335289877903,99.6620514135011
173,35,1673.15645132392,492.277553127609
174,35,524.882770269739,77.5280618119719
175,35,537.181043172806,97.257241168158
176,35,699.037235397374,153.903831506266
177,35,1126.1311583932,259.656363357178
178,35,728.521120461682,144.444304456905
179,35,811.015531097803,173.271186411687
180,35,2216.98209032135,555.864184444868
181,35,2538.59558170653,654.64064033228
182,35,1631.12263674325,379.266993456193
183,35,6635.38477335814,1495.4470442051
184,35,817.073987141533,185.992320821653
185,35,4140.64803445087,981.942727436393
186,35,284.267849768467,50.6012326481778
187,35,534.531788556742,119.084742749987
188,35,492.206602409156,93.9318403790881
189,35,585.376898263689,131.136520869844
190,35,402.977572299555,85.9970212025661
191,35,955.259803817765,183.987462758032
192,35,2674.57395376864,700.92728758899
193,35,838.675593068749,211.625621480194
194,35,732.74237935879,191.460325801612
195,35,885.948470120299,236.326753582892
196,35,795.981359872059,193.101717566775
197,35,623.306757331353,169.234456247639
198,35,588.897308712319,135.522510934052
199,35,753.44301996688,196.897743411396
200,35,423.432723770863,89.0923332324209
201,35,350.126810360727,57.6016696601982
202,35,1298.8922939749,358.938974604606
203,35,1027.7626856347,296.207019137617
204,35,954.081711516596,239.297712548206
205,35,4786.09385828814,1169.28166178246
206,35,4432.43945548672,986.469739232192
207,35,2682.1593047225,807.578445146765
208,35,3204.79594836569,868.748902202499
209,35,3132.02307059735,874.541035312148
210,35,2452.73183327887,560.070438787756
211,35,6089.21508882267,1490.13476287029
212,35,4224.48053081819,1064.43844671082
213,35,4987.93354501745,1147.31544090688
214,35,714.499245263785,146.225814787742
215,35,5114.48811971255,1051.72709298241
216,35,12326.1947246111,2036.17984713795
217,35,64.641136499595,5.30818040842064
218,35,67.5690825494678,6.57789216037026
219,35,1082.16692931984,271.137838220653
220,35,4522.8034440121,1204.78789284123
221,35,477.393361763524,111.251037746485
222,35,219.845566120629,38.2399360597581
223,35,205.409315975015,24.1060399193925
224,35,364.538292526649,64.9321167895537
225,35,272.69878542003,38.3034023336773
226,35,251.384521759801,32.3999429112146
227,35,95.5029334390421,8.04025701485605
228,35,42.7175248472632,1.95584602137501
229,35,29.7356231954665,1.07757952425403
230,35,114.353114993776,14.5880467993002
231,35,84.4471982543935,7.41579422669042
232,35,67.1844267340944,5.57886864277318
233,35,110.091841261792,11.5747366440053
234,35,21.3554403517971,0.692562143987034
235,35,24.1770777145563,0.557846972120071
236,35,22.4517446576052,0.813669615996694
237,35,72.0451702461418,6.41869355048828
238,35,41.075492638906,2.17843555707469
239,35,178.910699631818,25.6965465202055
240,35,94.2006830724463,8.55721264668341
241,35,29.6608956993047,1.12830640540148
242,35,28.7747559876232,1.01773642642498
243,35,85.4579135307229,6.81500398781261
244,35,271.271866951931,44.4329537504207
245,35,75.5926727887808,6.43954878503557
246,35,53.5714017430327,3.84582626069494
247,35,52.4145432629159,3.8666239288713
248,35,31.5004102604366,1.43783365209315
249,35,112.704216749634,14.1296901956324
250,35,103.708039148304,11.2300147408181
251,35,49.9862334071668,3.3525816460864
252,35,127.247250052658,10.6265077649452
253,35,333.186181797003,47.2656611126248
254,35,237.472916287948,35.2470505577737
255,35,94.0828798279983,6.64539060419485
256,35,87.9319834523272,5.26404549440154
257,35,66.110874262587,5.75125904560614
258,35,71.7247136934945,6.03004456026808
259,35,21.5025060596244,0.46683910671489
260,35,48.4135997339856,3.01816866211658
261,35,24.6077437819496,0.681415965167985
262,35,191.538245872642,25.6636116104277
263,35,113.722570601854,9.98623753406746
264,35,16.4900001078856,0.240034935520832
265,35,168.972409260026,19.3483720474851
266,35,84.5272302425085,8.48775085121327
267,35,54.606939735281,3.98847884609354
268,35,32.9678560840689,1.56327109437934
269,35,37.7750851386227,1.37226465484937
270,35,35.5176014727922,1.63551590439256
271,35,159.190730307961,21.5140300532988
272,35,114.017220942681,13.2786080910038
273,35,52.7260150355072,3.16252655089314
274,35,78.197904111064,5.2012765963047
275,35,180.478681463269,28.9744122688101
276,35,61.8940281627499,5.67066594543403
277,35,60.1267575157889,4.71968304931383
278,35,31.2240931230144,1.2362278494971
279,35,23.9063063180918,0.679994055195279
280,35,180.882409353793,26.3919562621784
281,35,205.610183523961,36.2549021696109
282,35,276.850987199166,53.5115120752166
283,35,188.52744671497,22.2199787142681
284,35,16862.5312293483,2861.79194592911
285,35,9838.46644027141,1946.65950189928
286,35,2720.84414362442,651.102822725531
287,35,1782.54810418882,442.747701985854
288,35,1807.16424664664,474.439602792381
289,35,26051.9034044096,3285.8818214359
290,35,4986.97803667198,1095.34229352577
291,35,4593.57204952465,943.276774956373
292,35,1871.14596628821,477.921213642658
293,35,943.794646079175,225.274447182605
294,35,608.065567892456,130.759042698315
295,35,3727.8037990975,1053.09342331064
296,35,4592.7696338878,1227.76584369099
297,35,10849.1059929627,1936.55629465723
298,35,13442.9046377549,1907.32009031849
299,35,5815.49347054501,1488.34428858059
300,35,1148.97923167752,308.317815710908
301,35,5992.88258128735,1503.21049298757
302,35,4712.59751953162,1217.58616510109
303,35,334.82342493895,61.4224973420342
304,35,333.859685687062,64.9987106108096
305,35,323.735271113532,66.1185191362653
306,35,595.380490888174,125.644628303914
307,35,930.599107957042,271.802162626832
308,35,463.626992911392,111.797412662826
309,35,444.493619416932,91.9644293742099
310,35,299.901854835853,57.7911243592835
311,35,583.648607630467,100.052126958517
312,35,104.757277613828,10.9877798011492
313,35,717.666521245621,183.539480476372
314,35,463.989325499576,105.624757311661
315,35,1157.35844731676,331.800944243755
316,35,1990.5977027642,554.234037203494
317,35,1923.49713576043,522.25550616075
318,35,980.947528793481,204.246464478786
319,35,753.855695565374,177.024346957289
320,35,1876.75174104563,532.510520909497
321,35,784.87291404816,181.694352944427
322,35,362.394452770116,78.4387399317276
323,35,1010.2763978488,267.349309734595
324,35,2056.96911449045,456.943336006546
325,35,5772.78143919333,978.920008757157
326,35,3586.91578657525,806.663033460561
327,35,5531.97803232663,1387.19275982809
328,35,32916.8151978617,3626.98542407811
329,35,20377.6222552354,2564.36087270366
330,35,1299.20596295622,270.102880761174
331,35,2150.52766145341,525.389018292036
332,35,16117.7821567533,976.475489275112
333,35,3985.81931631698,1055.5698758824
334,35,10996.4539209709,1334.72182221392
335,35,30233.3117043035,2386.85457998484
336,35,7816.44268737861,1229.14284834766
337,35,7086.1063111737,1582.20640092669
338,35,3355.31483901394,807.600426352842
339,35,14251.1472720519,1528.70594813829
340,35,70374.6366396585,5105.25047196566
341,35,60192.1682879004,6286.55397844028
342,35,3437.54001897702,766.623870998844
343,35,2786.37757632995,506.082857997065
344,35,3771.31067426048,1088.46599354986
345,35,5422.2682299158,1258.06529067166
346,35,13718.3129363483,2028.85356338744
347,35,19285.9323406158,3114.46136514061
348,35,38845.7609700992,4431.02239848848
349,35,2726.85176478761,812.791836607325
350,35,5232.77348494064,1153.3039987283
351,35,1203.6113800046,314.618463829913
352,35,1706.54266572565,467.240594615039
353,35,2194.69196305823,585.177539421634
354,35,702.06797341319,152.903029701117
355,35,1265.5730662015,347.089680292338
356,35,1262.53405826082,342.109064458487
357,35,1183.0114907475,342.826129228325
358,35,2008.34454472298,561.576663911772
359,35,377.669619527153,80.2750079212486
360,35,491.801697768217,108.530607409122
361,35,207.298839904812,29.8509507872543
362,35,273.228506380808,52.0140960146263
363,35,803.211455614867,201.512440534575
364,35,1489.79920428891,380.877067612344
365,35,2208.57185295583,581.411663663524
366,35,1227.37253362341,341.55359722261
367,35,2201.40772753148,669.449931050177
368,35,1139.33586250192,317.668268114183
369,35,8243.14002366551,1555.89025401863
370,35,14343.8609523889,2195.19919752505
371,35,9015.43360273235,1608.06934711696
372,35,19477.6589868825,2711.25078064663
373,35,24697.7618192385,3092.05137915828
374,35,4323.39752787853,1120.55562632563
375,35,46371.6747983241,5873.91223878072
376,35,16975.6950669184,2154.67554052842
377,35,57592.2558589445,4560.59300855863
378,35,61762.0965098694,5063.63562730288
379,35,19315.8845067826,2249.99535829524
380,35,42918.5546409314,4941.12198524093
381,35,6385.76983690601,1639.60118887416
382,35,2936.79344115953,749.538878171712
383,35,3002.22413554065,788.239982528218
384,35,1475.92308540932,366.904202074914
385,35,6185.61676706959,1505.34037563631
386,35,347.014310606126,67.0095745558393
387,35,152.926705446799,18.0483766744369
388,35,34.1881964623464,1.13265208871611
389,35,131.533984486552,12.6019662080314
390,35,2010.68514681878,571.689570138632
391,35,25.2264612317623,0.875174783703739
392,35,126.234030444798,16.0224321375212
393,35,75.8253538022326,7.88197582626752
394,35,58.7968259935773,5.39256889921132
395,35,173.773083074004,26.2162715310593
396,35,291.792409536913,55.2453528856664
397,35,51.4745219773039,2.70910448371578
398,35,87.6178653358584,8.98746462998152
399,35,5721.46155853902,1374.86217913054
400,35,947.001351548234,212.643107288761
401,35,34.2401410474133,1.26512287614736
402,35,61.402822266114,5.72614479047425
403,35,87.5334423234333,8.22696043132363
404,35,376.50842179758,82.3297386233742
405,35,164.060691001375,23.3603120486835
406,35,340.490053537557,68.279698430498
407,35,81.0585934542068,8.85935956845029
408,35,122.452836826695,11.7760456173881
409,35,164.526765030916,22.4384775697153
410,35,5848.63985452151,1266.61562168824
411,35,34.5195541003267,1.65753319919435
412,35,30.6910038809714,1.38006540697269
413,35,27.6472990062743,1.12013545529539
414,35,66.2415818044655,5.70461292100571
415,35,4228.90237180457,1071.92158993444
416,35,283.892058497931,56.5682981117013
417,35,1321.64683723349,325.424451840077
418,35,2849.7250696218,751.996256244541
419,35,2822.90948944294,805.942027898416
420,35,2197.94430566529,513.882430678907
421,35,241.153854585964,45.713317803816
422,35,214.483405811411,37.5293928610228
423,35,1556.67612709646,370.972578558848
424,35,1079.56370221098,272.141564065735
425,35,1135.86449481564,258.862836024472
426,35,356.252832267958,66.4697061979784
427,35,27.7401511994053,1.09666403140021
428,35,87.0871031523174,8.52012625699964
429,35,43.3200077194843,2.51407430931574
430,35,17.4444641288941,0.62984364784663
431,35,45.925029873502,3.26702310480933
432,35,58.8526943774636,3.55778445418805
433,35,65.3911301861521,4.38688338265827
434,35,4752.94625003238,1123.03955538191
435,35,85.1367606735701,10.3879326812689
436,35,63.2504537569247,4.59384316382143
437,35,135.031918815469,18.1183077870813
438,35,85.3132632888706,6.36283988229471
439,35,436.220168538071,93.6722676986371
440,35,699.698838325829,172.162350311336
441,35,653.590275187349,146.040584656425
442,35,2403.37582578951,460.084832646763
443,35,606.583893881663,145.837298534707
444,35,1758.77141347193,481.846263407266
445,35,1422.67017725264,379.0349884394
446,35,1132.88926497318,278.039647949419
447,35,1286.74390154512,370.203924006162
448,35,3096.74107664933,968.472722330947
449,35,881.947291422269,228.936520710411
450,35,8571.88393731188,1509.02467475349
451,35,128.762769550049,17.3211827155954
452,35,39.5142449201775,2.30370934048193
453,35,1434.88399901106,395.102758413711
454,35,2075.33232250685,535.855958133501
455,35,7257.70833435748,1552.6649943969
456,35,3638.18934119822,950.476078180894
457,35,4403.23592873679,1104.5606000398
458,35,4164.63643792278,1153.75748374539
459,35,3080.37896408554,868.399574853202
460,35,4532.16529932866,1104.73182271035
461,35,5916.4820487564,1452.56236831816
462,35,4528.91036788284,1212.57118404006
463,35,6031.77907674075,1232.94428554505
464,35,5106.65265149006,1282.81891624542
465,35,1777.6036250901,486.681274237709
466,35,44910.2945567725,5006.92926707966
467,35,149374.892634436,13376.4782464999
468,35,19614.0467718135,2751.35509917156
469,35,2960.7905139718,779.694911854031
470,35,7163.64967197963,1334.85531502643
471,35,4083.8656055993,1136.8042177298
472,35,14621.8638777333,2060.97303064669
473,35,2920.49139358549,845.81180161439
474,35,3668.21859287817,889.13276620264
475,35,32369.6022246339,2911.35525410314
476,35,10794.3796842076,1971.00342694036
477,35,31552.3116304984,3209.29042506707
478,35,1396.991347412,367.747202324513
479,35,5922.31241767666,1324.91346654819
480,35,14494.6807906366,2347.79928336406
481,35,2991.43998125077,780.646792219148
482,35,13905.3563355133,2434.26588508003
483,35,2184.34183672689,574.777541514088
484,35,12860.285696278,2197.34467340664
485,35,3100.40325856751,889.200881244097
486,35,1439.52662633448,419.745514463631
487,35,882.900290066936,229.85402607297
488,35,2808.62584785999,674.430347936147
489,35,2566.14282694466,729.892657050293
490,35,1814.9841860488,499.408047364445
491,35,2218.01612786165,608.871836736482
492,35,9195.36739904692,1729.87421684122
493,35,32953.8277214633,3946.1448721622
494,35,332.205596878558,64.7243875375747
495,35,819.747775508112,199.320672846404
496,35,632.291467879671,163.290128032291
497,35,730.618638962347,201.175530113061
498,35,400.865110485064,85.7113402536114
499,35,205.109213528566,29.2228307365169
500,35,3768.53546233792,997.969092045073
501,35,470.571912958223,99.550580247848
502,35,324.537439177758,56.4674854678228
503,35,406.018853593631,89.7845729500034
504,35,442.370276062439,88.0834434692288
505,35,162.03281270313,25.7243687055544
506,35,43.0351952202683,2.14917794999235
507,35,150.670110120768,20.6541567739421
508,35,76.3543182779352,7.62729203594933
509,35,890.343357302927,252.608919237776
510,35,176.632128971806,22.3883430153933
511,35,53.2241575419249,2.96187609877856
512,35,91.0200109670699,7.85519547634726
513,35,300.022904155631,51.8468040247304
514,35,68.5997190893763,2.85515182002531
515,35,962.529292574722,274.870589317489
516,35,80.0653766889904,8.07373309833059
517,35,413.155141720358,66.2442336386867
518,35,82.5544606494632,8.0159462474599
519,35,54.773221762689,4.05543485196329
520,35,46.2468300803225,2.63424335532699
521,35,61.5219401984956,4.72924323460124
522,35,19.5584068613961,0.671733577847393
523,35,48.5414279194223,3.75917084173381
524,35,256.404920414628,43.3350097672189
525,35,48.8592835942535,2.73174757523061
526,35,55.0463258119669,3.9005457354071
527,35,17.7308518182227,0.241863721901068
528,35,64.0365195668086,4.15966779605249
529,35,675.362124050488,106.096381317046
530,35,215.266689705533,32.461456726746
531,35,438.123507499777,102.8976855836
532,35,29.4235387920538,1.46371306641162
533,35,43.4102339875953,2.25053094507145
534,35,309.018783058739,58.9055834061365
535,35,131.346783090997,17.0303942387199
536,35,624.055605571195,135.644875166718
537,35,332.009238984309,61.9418093881129
538,35,64.4217544721862,6.26004079501328
539,35,201.659843473983,32.7279333761771
540,35,328.780223315783,47.9389177608068
541,35,285.69692152592,49.8971696049508
542,35,270.854707417806,42.1078918581553
543,35,192.848420296159,27.3671807552806
544,35,286.37837613993,51.8433926883145
545,35,137.462841273439,16.8891597466784
546,35,101.187275058872,12.2145265740898
547,35,140.165226899019,17.9807078370141
548,35,42.3727863351564,1.7419995480481
549,35,175.883988664744,18.5801287862388
550,35,15262.9438600088,2282.96199786405
551,35,17959.4667065826,2333.27183366663
552,35,6752.85862347295,1262.08931847018
553,35,7228.51242764545,1524.33589025988
554,35,1288.9200906229,348.995245260058
555,35,483.565065964291,113.002848672487
556,35,95.3904816223237,9.9964266153643
557,35,66.957344752773,5.77975252131119
558,35,75.3094001441846,6.06177606902784
559,35,189.054022734759,28.97815089919
560,35,211.885236884403,36.1149837140568
561,35,161.81891345965,23.9491872309164
562,35,78.57819642149,8.65803582711318
563,35,100.757426948683,10.1978487238574
564,35,81.2977671446188,7.91912341845654
565,35,15500.6375096903,2482.66713333988
566,35,7573.39008026876,1343.7595892954
567,35,6304.33704205193,1419.25159454017
568,35,9107.53637529338,1548.10019770995
569,35,31044.2505760336,3173.70425396749
570,35,8064.4337911104,1886.82943322987
571,35,21451.9290368844,2777.51391679055
572,35,12353.576099468,2251.01925046061
573,35,2578.87758772794,761.50501443038
574,35,8409.30823252776,1800.26263074216
575,35,1613.50107738925,398.55103911485
576,35,1759.10182864369,503.084547866137
577,35,4607.8138359163,1204.50331506462
578,35,3127.89865291964,1004.84358702755
579,35,7563.23953082776,1551.88258062391
580,35,34825.4570705575,4177.72275730518
581,35,6873.70581569536,1513.12547696313
582,35,4818.65038934459,1116.54063993017
583,35,20215.6657441275,3173.48070215363
584,35,10003.59617131,1929.31514701997
585,35,15716.2933759871,2517.60925503541
586,35,5099.83223443958,1467.5414467212
587,35,14275.33708291,2970.6780722229
588,35,9601.37541954819,1556.57223856701
589,35,9348.39911128884,1774.79677387821
590,35,5039.67818012169,1112.47755224165
591,35,11739.0264701378,1977.89895015035
592,35,3413.85230918528,933.810933056755
593,35,2150.82453625542,558.229509107546
594,35,1460.14879104528,322.200526752806
595,35,716.44107859746,191.59933670945
596,35,366.813307449953,57.7669003049026
597,35,598.585299883285,134.407107276798
598,35,446.002473224756,94.8501010998783
599,35,505.307637772975,104.759587212927
600,35,344.372971410526,65.1647703502279
601,35,346.019893888617,62.5950327839817
602,35,574.807117443898,135.538573204681
