<?xml version="1.0" encoding="UTF-8"?>
<metadata xml:lang="en"><Esri><CreaDate>20220216</CreaDate><CreaTime>19053300</CreaTime><ArcGISFormat>1.0</ArcGISFormat><SyncOnce>TRUE</SyncOnce><DataProperties><lineage><Process ToolSource="c:\program files (x86)\arcgis\desktop10.4\ArcToolbox\Toolboxes\Spatial Analyst Tools.tbx\ExtractByMask" Date="20220216" Time="190533">ExtractByMask bisa_72_19 Bangladesh_Mask C:\Users\zts465\Desktop\Misc_GIS\Bangladesh\bisa_72_19m</Process></lineage></DataProperties></Esri></metadata>
